key,0,1,2,3,4,5,6,7,8,9,10,11,12,13,14,15,16,17,18,19,20,21,22,23,24,25,26,27,28,29,30,31,32,33,34,35,36,37,38,39,40,41,42,43
#,Name,ADV,GLA,PGL,MRD,LNC,ARC,CNJ,THM,CRP,BSM,ARM,GSM,LTW,WVR,ALC,CUL,MIN,BTN,FSH,PLD,MNK,WAR,DRG,BRD,WHM,BLM,ACN,SMN,SCH,ROG,NIN,MCH,DRK,AST,SAM,RDM,BLU,GNB,DNC,RPR,SGE,VPR,PCT
int32,str,bool,bool,bool,bool,bool,bool,bool,bool,bool,bool,bool,bool,bool,bool,bool,bool,bool,bool,bool,bool,bool,bool,bool,bool,bool,bool,bool,bool,bool,bool,bool,bool,bool,bool,bool,bool,bool,bool,bool,bool,bool,bool,bool
0,"",False,False,False,False,False,False,False,False,False,False,False,False,False,False,False,False,False,False,False,False,False,False,False,False,False,False,False,False,False,False,False,False,False,False,False,False,False,False,False,False,False,False,False
1,"所有职业",True,True,True,True,True,True,True,True,True,True,True,True,True,True,True,True,True,True,True,True,True,True,True,True,True,True,True,True,True,True,True,True,True,True,True,True,True,True,True,True,True,True,True
2,"剑术师",False,True,False,False,False,False,False,False,False,False,False,False,False,False,False,False,False,False,False,False,False,False,False,False,False,False,False,False,False,False,False,False,False,False,False,False,False,False,False,False,False,False,False
3,"格斗家",False,False,True,False,False,False,False,False,False,False,False,False,False,False,False,False,False,False,False,False,False,False,False,False,False,False,False,False,False,False,False,False,False,False,False,False,False,False,False,False,False,False,False
4,"斧术师",False,False,False,True,False,False,False,False,False,False,False,False,False,False,False,False,False,False,False,False,False,False,False,False,False,False,False,False,False,False,False,False,False,False,False,False,False,False,False,False,False,False,False
5,"枪术师",False,False,False,False,True,False,False,False,False,False,False,False,False,False,False,False,False,False,False,False,False,False,False,False,False,False,False,False,False,False,False,False,False,False,False,False,False,False,False,False,False,False,False
6,"弓箭手",False,False,False,False,False,True,False,False,False,False,False,False,False,False,False,False,False,False,False,False,False,False,False,False,False,False,False,False,False,False,False,False,False,False,False,False,False,False,False,False,False,False,False
7,"幻术师",False,False,False,False,False,False,True,False,False,False,False,False,False,False,False,False,False,False,False,False,False,False,False,False,False,False,False,False,False,False,False,False,False,False,False,False,False,False,False,False,False,False,False
8,"咒术师",False,False,False,False,False,False,False,True,False,False,False,False,False,False,False,False,False,False,False,False,False,False,False,False,False,False,False,False,False,False,False,False,False,False,False,False,False,False,False,False,False,False,False
9,"刻木匠",False,False,False,False,False,False,False,False,True,False,False,False,False,False,False,False,False,False,False,False,False,False,False,False,False,False,False,False,False,False,False,False,False,False,False,False,False,False,False,False,False,False,False
10,"锻铁匠",False,False,False,False,False,False,False,False,False,True,False,False,False,False,False,False,False,False,False,False,False,False,False,False,False,False,False,False,False,False,False,False,False,False,False,False,False,False,False,False,False,False,False
11,"铸甲匠",False,False,False,False,False,False,False,False,False,False,True,False,False,False,False,False,False,False,False,False,False,False,False,False,False,False,False,False,False,False,False,False,False,False,False,False,False,False,False,False,False,False,False
12,"雕金匠",False,False,False,False,False,False,False,False,False,False,False,True,False,False,False,False,False,False,False,False,False,False,False,False,False,False,False,False,False,False,False,False,False,False,False,False,False,False,False,False,False,False,False
13,"制革匠",False,False,False,False,False,False,False,False,False,False,False,False,True,False,False,False,False,False,False,False,False,False,False,False,False,False,False,False,False,False,False,False,False,False,False,False,False,False,False,False,False,False,False
14,"裁衣匠",False,False,False,False,False,False,False,False,False,False,False,False,False,True,False,False,False,False,False,False,False,False,False,False,False,False,False,False,False,False,False,False,False,False,False,False,False,False,False,False,False,False,False
15,"炼金术士",False,False,False,False,False,False,False,False,False,False,False,False,False,False,True,False,False,False,False,False,False,False,False,False,False,False,False,False,False,False,False,False,False,False,False,False,False,False,False,False,False,False,False
16,"烹调师",False,False,False,False,False,False,False,False,False,False,False,False,False,False,False,True,False,False,False,False,False,False,False,False,False,False,False,False,False,False,False,False,False,False,False,False,False,False,False,False,False,False,False
17,"采矿工",False,False,False,False,False,False,False,False,False,False,False,False,False,False,False,False,True,False,False,False,False,False,False,False,False,False,False,False,False,False,False,False,False,False,False,False,False,False,False,False,False,False,False
18,"园艺工",False,False,False,False,False,False,False,False,False,False,False,False,False,False,False,False,False,True,False,False,False,False,False,False,False,False,False,False,False,False,False,False,False,False,False,False,False,False,False,False,False,False,False
19,"捕鱼人",False,False,False,False,False,False,False,False,False,False,False,False,False,False,False,False,False,False,True,False,False,False,False,False,False,False,False,False,False,False,False,False,False,False,False,False,False,False,False,False,False,False,False
20,"骑士",False,False,False,False,False,False,False,False,False,False,False,False,False,False,False,False,False,False,False,True,False,False,False,False,False,False,False,False,False,False,False,False,False,False,False,False,False,False,False,False,False,False,False
21,"武僧",False,False,False,False,False,False,False,False,False,False,False,False,False,False,False,False,False,False,False,False,True,False,False,False,False,False,False,False,False,False,False,False,False,False,False,False,False,False,False,False,False,False,False
22,"战士",False,False,False,False,False,False,False,False,False,False,False,False,False,False,False,False,False,False,False,False,False,True,False,False,False,False,False,False,False,False,False,False,False,False,False,False,False,False,False,False,False,False,False
23,"龙骑士",False,False,False,False,False,False,False,False,False,False,False,False,False,False,False,False,False,False,False,False,False,False,True,False,False,False,False,False,False,False,False,False,False,False,False,False,False,False,False,False,False,False,False
24,"吟游诗人",False,False,False,False,False,False,False,False,False,False,False,False,False,False,False,False,False,False,False,False,False,False,False,True,False,False,False,False,False,False,False,False,False,False,False,False,False,False,False,False,False,False,False
25,"白魔法师",False,False,False,False,False,False,False,False,False,False,False,False,False,False,False,False,False,False,False,False,False,False,False,False,True,False,False,False,False,False,False,False,False,False,False,False,False,False,False,False,False,False,False
26,"黑魔法师",False,False,False,False,False,False,False,False,False,False,False,False,False,False,False,False,False,False,False,False,False,False,False,False,False,True,False,False,False,False,False,False,False,False,False,False,False,False,False,False,False,False,False
27,"秘术师",False,False,False,False,False,False,False,False,False,False,False,False,False,False,False,False,False,False,False,False,False,False,False,False,False,False,True,False,False,False,False,False,False,False,False,False,False,False,False,False,False,False,False
28,"召唤师",False,False,False,False,False,False,False,False,False,False,False,False,False,False,False,False,False,False,False,False,False,False,False,False,False,False,False,True,False,False,False,False,False,False,False,False,False,False,False,False,False,False,False
29,"学者",False,False,False,False,False,False,False,False,False,False,False,False,False,False,False,False,False,False,False,False,False,False,False,False,False,False,False,False,True,False,False,False,False,False,False,False,False,False,False,False,False,False,False
30,"战斗精英",False,True,True,True,True,True,False,False,False,False,False,False,False,False,False,False,False,False,False,True,True,True,True,True,False,False,False,False,False,True,True,True,True,False,True,False,False,True,True,True,False,True,False
31,"魔法导师",False,False,False,False,False,False,True,True,False,False,False,False,False,False,False,False,False,False,False,False,False,False,False,False,True,True,True,True,True,False,False,False,False,True,False,True,True,False,False,False,True,False,True
32,"大地使者",False,False,False,False,False,False,False,False,False,False,False,False,False,False,False,False,True,True,True,False,False,False,False,False,False,False,False,False,False,False,False,False,False,False,False,False,False,False,False,False,False,False,False
33,"能工巧匠",False,False,False,False,False,False,False,False,True,True,True,True,True,True,True,True,False,False,False,False,False,False,False,False,False,False,False,False,False,False,False,False,False,False,False,False,False,False,False,False,False,False,False
34,"战斗精英 魔法导师",False,True,True,True,True,True,True,True,False,False,False,False,False,False,False,False,False,False,False,True,True,True,True,True,True,True,True,True,True,True,True,True,True,True,True,True,True,True,True,True,True,True,True
35,"能工巧匠 大地使者",False,False,False,False,False,False,False,False,True,True,True,True,True,True,True,True,True,True,True,False,False,False,False,False,False,False,False,False,False,False,False,False,False,False,False,False,False,False,False,False,False,False,False
36,"剑术师之外的战斗精英",False,False,True,True,True,True,False,False,False,False,False,False,False,False,False,False,False,False,False,True,True,True,True,True,False,False,False,False,False,True,True,True,True,False,False,False,False,False,False,True,False,True,False
37,"剑术师 格斗家 斧术师 枪术师 弓箭手 双剑师 幻术师 咒术师 秘术师 骑士 战士 暗黑骑士",False,True,True,True,True,True,True,True,False,False,False,False,False,False,False,False,False,False,False,True,False,True,False,False,False,False,True,False,False,True,False,False,True,False,False,False,False,False,False,False,False,False,False
38,"剑术师 骑士",False,True,False,False,False,False,False,False,False,False,False,False,False,False,False,False,False,False,False,True,False,False,False,False,False,False,False,False,False,False,False,False,False,False,False,False,False,False,False,False,False,False,False
39,"剑术师 格斗家 斧术师 枪术师 弓箭手 双剑师 骑士 战士 暗黑骑士",False,True,True,True,True,True,False,False,False,False,False,False,False,False,False,False,False,False,False,True,False,True,False,False,False,False,False,False,False,True,False,False,True,False,False,False,False,False,False,False,False,False,False
40,"剑术师 格斗家 斧术师 枪术师 弓箭手 双剑师 幻术师 咒术师 秘术师 武僧 战士 龙骑士 吟游诗人 忍者",False,True,True,True,True,True,True,True,False,False,False,False,False,False,False,False,False,False,False,False,True,True,True,True,False,False,True,False,False,True,True,False,False,False,False,False,False,False,False,False,False,False,False
41,"格斗家 武僧",False,False,True,False,False,False,False,False,False,False,False,False,False,False,False,False,False,False,False,False,True,False,False,False,False,False,False,False,False,False,False,False,False,False,False,False,False,False,False,False,False,False,False
42,"剑术师 格斗家 斧术师 枪术师 弓箭手 双剑师 武僧 战士 龙骑士 吟游诗人 忍者",False,True,True,True,True,True,False,False,False,False,False,False,False,False,False,False,False,False,False,False,True,True,True,True,False,False,False,False,False,True,True,False,False,False,False,False,False,False,False,False,False,False,False
43,"剑术师 格斗家 斧术师 枪术师 弓箭手 双剑师 幻术师 咒术师 秘术师 骑士 武僧 战士 龙骑士 暗黑骑士",False,True,True,True,True,True,True,True,False,False,False,False,False,False,False,False,False,False,False,True,True,True,True,False,False,False,True,False,False,True,False,False,True,False,False,False,False,False,False,False,False,False,False
44,"斧术师 战士",False,False,False,True,False,False,False,False,False,False,False,False,False,False,False,False,False,False,False,False,False,True,False,False,False,False,False,False,False,False,False,False,False,False,False,False,False,False,False,False,False,False,False
45,"剑术师 格斗家 斧术师 枪术师 弓箭手 双剑师 骑士 武僧 战士 龙骑士 暗黑骑士",False,True,True,True,True,True,False,False,False,False,False,False,False,False,False,False,False,False,False,True,True,True,True,False,False,False,False,False,False,True,False,False,True,False,False,False,False,False,False,False,False,False,False
46,"剑术师 格斗家 斧术师 枪术师 弓箭手 双剑师 幻术师 咒术师 秘术师 武僧 龙骑士 吟游诗人 忍者 机工士",False,True,True,True,True,True,True,True,False,False,False,False,False,False,False,False,False,False,False,False,True,False,True,True,False,False,True,False,False,True,True,True,False,False,False,False,False,False,False,False,False,False,False
47,"枪术师 龙骑士",False,False,False,False,True,False,False,False,False,False,False,False,False,False,False,False,False,False,False,False,False,False,True,False,False,False,False,False,False,False,False,False,False,False,False,False,False,False,False,False,False,False,False
48,"剑术师 格斗家 斧术师 枪术师 弓箭手 双剑师 武僧 龙骑士 吟游诗人 忍者 机工士",False,True,True,True,True,True,False,False,False,False,False,False,False,False,False,False,False,False,False,False,True,False,True,True,False,False,False,False,False,True,True,True,False,False,False,False,False,False,False,False,False,False,False
49,"剑术师 格斗家 斧术师 枪术师 弓箭手 双剑师 幻术师 咒术师 秘术师 吟游诗人 黑魔法师 召唤师 机工士",False,True,True,True,True,True,True,True,False,False,False,False,False,False,False,False,False,False,False,False,False,False,False,True,False,True,True,True,False,True,False,True,False,False,False,False,False,False,False,False,False,False,False
50,"弓箭手 吟游诗人",False,False,False,False,False,True,False,False,False,False,False,False,False,False,False,False,False,False,False,False,False,False,False,True,False,False,False,False,False,False,False,False,False,False,False,False,False,False,False,False,False,False,False
51,"剑术师 格斗家 斧术师 枪术师 弓箭手 双剑师 吟游诗人 机工士",False,True,True,True,True,True,False,False,False,False,False,False,False,False,False,False,False,False,False,False,False,False,False,True,False,False,False,False,False,True,False,True,False,False,False,False,False,False,False,False,False,False,False
52,"剑术师 格斗家 斧术师 枪术师 弓箭手 双剑师 幻术师 咒术师 秘术师 骑士 白魔法师 学者 占星术士",False,True,True,True,True,True,True,True,False,False,False,False,False,False,False,False,False,False,False,True,False,False,False,False,True,False,True,False,True,True,False,False,False,True,False,False,False,False,False,False,False,False,False
53,"幻术师 白魔法师",False,False,False,False,False,False,True,False,False,False,False,False,False,False,False,False,False,False,False,False,False,False,False,False,True,False,False,False,False,False,False,False,False,False,False,False,False,False,False,False,False,False,False
54,"剑术师 格斗家 斧术师 枪术师 弓箭手 双剑师 幻术师 咒术师 秘术师 白魔法师 黑魔法师 召唤师 学者 占星术士",False,True,True,True,True,True,True,True,False,False,False,False,False,False,False,False,False,False,False,False,False,False,False,False,True,True,True,True,True,True,False,False,False,True,False,False,False,False,False,False,False,False,False
55,"咒术师 黑魔法师",False,False,False,False,False,False,False,True,False,False,False,False,False,False,False,False,False,False,False,False,False,False,False,False,False,True,False,False,False,False,False,False,False,False,False,False,False,False,False,False,False,False,False
56,"剑术师 幻术师 咒术师 骑士 白魔法师 黑魔法师",False,True,False,False,False,False,True,True,False,False,False,False,False,False,False,False,False,False,False,True,False,False,False,False,True,True,False,False,False,False,False,False,False,False,False,False,False,False,False,False,False,False,False
57,"剑术师 咒术师 骑士 黑魔法师",False,True,False,False,False,False,False,True,False,False,False,False,False,False,False,False,False,False,False,True,False,False,False,False,False,True,False,False,False,False,False,False,False,False,False,False,False,False,False,False,False,False,False
58,"剑术师 幻术师 骑士 白魔法师",False,True,False,False,False,False,True,False,False,False,False,False,False,False,False,False,False,False,False,True,False,False,False,False,True,False,False,False,False,False,False,False,False,False,False,False,False,False,False,False,False,False,False
59,"剑术师 斧术师 骑士 战士 暗黑骑士 绝枪战士",False,True,False,True,False,False,False,False,False,False,False,False,False,False,False,False,False,False,False,True,False,True,False,False,False,False,False,False,False,False,False,False,True,False,False,False,False,True,False,False,False,False,False
60,"剑术师 斧术师 枪术师 骑士 战士 龙骑士 暗黑骑士 绝枪战士 钐镰客",False,True,False,True,True,False,False,False,False,False,False,False,False,False,False,False,False,False,False,True,False,True,True,False,False,False,False,False,False,False,False,False,True,False,False,False,False,True,False,True,False,False,False
61,"幻术师 咒术师 秘术师 白魔法师 学者 占星术士",False,False,False,False,False,False,True,True,False,False,False,False,False,False,False,False,False,False,False,False,False,False,False,False,True,False,True,False,True,False,False,False,False,True,False,False,False,False,False,False,False,False,False
62,"幻术师 咒术师 秘术师 白魔法师 黑魔法师 召唤师 学者 占星术士",False,False,False,False,False,False,True,True,False,False,False,False,False,False,False,False,False,False,False,False,False,False,False,False,True,True,True,True,True,False,False,False,False,True,False,False,False,False,False,False,False,False,False
63,"咒术师 秘术师 黑魔法师 召唤师 赤魔法师 青魔法师 绘灵法师",False,False,False,False,False,False,False,True,False,False,False,False,False,False,False,False,False,False,False,False,False,False,False,False,False,True,True,True,False,False,False,False,False,False,False,True,True,False,False,False,False,False,True
64,"幻术师 白魔法师 学者 占星术士 贤者",False,False,False,False,False,False,True,False,False,False,False,False,False,False,False,False,False,False,False,False,False,False,False,False,True,False,False,False,True,False,False,False,False,True,False,False,False,False,False,False,True,False,False
65,"格斗家 武僧 武士",False,False,True,False,False,False,False,False,False,False,False,False,False,False,False,False,False,False,False,False,True,False,False,False,False,False,False,False,False,False,False,False,False,False,True,False,False,False,False,False,False,False,False
66,"弓箭手 吟游诗人 机工士 舞者",False,False,False,False,False,True,False,False,False,False,False,False,False,False,False,False,False,False,False,False,False,False,False,True,False,False,False,False,False,False,False,True,False,False,False,False,False,False,True,False,False,False,False
67,"剑术师 格斗家 斧术师 枪术师 双剑师 武僧 龙骑士 忍者",False,True,True,True,True,False,False,False,False,False,False,False,False,False,False,False,False,False,False,False,True,False,True,False,False,False,False,False,False,True,True,False,False,False,False,False,False,False,False,False,False,False,False
68,"秘术师 召唤师 学者",False,False,False,False,False,False,False,False,False,False,False,False,False,False,False,False,False,False,False,False,False,False,False,False,False,False,True,True,True,False,False,False,False,False,False,False,False,False,False,False,False,False,False
69,"秘术师 召唤师",False,False,False,False,False,False,False,False,False,False,False,False,False,False,False,False,False,False,False,False,False,False,False,False,False,False,True,True,False,False,False,False,False,False,False,False,False,False,False,False,False,False,False
70,"烹调师之外的能工巧匠",False,False,False,False,False,False,False,False,True,True,True,True,True,True,True,False,False,False,False,False,False,False,False,False,False,False,False,False,False,False,False,False,False,False,False,False,False,False,False,False,False,False,False
71,"剑术师 格斗家 斧术师 枪术师 弓箭手 双剑师 幻术师 咒术师 秘术师 白魔法师 黑魔法师 召唤师 学者",False,True,True,True,True,True,True,True,False,False,False,False,False,False,False,False,False,False,False,False,False,False,False,False,True,True,True,True,True,True,False,False,False,False,False,False,False,False,False,False,False,False,False
72,"幻术师 咒术师 秘术师 白魔法师 黑魔法师 召唤师 学者",False,False,False,False,False,False,True,True,False,False,False,False,False,False,False,False,False,False,False,False,False,False,False,False,True,True,True,True,True,False,False,False,False,False,False,False,False,False,False,False,False,False,False
73,"幻术师 白魔法师 学者 占星术士 贤者",False,False,False,False,False,False,True,False,False,False,False,False,False,False,False,False,False,False,False,False,False,False,False,False,True,False,False,False,True,False,False,False,False,True,False,False,False,False,False,False,True,False,False
74,"",True,True,True,True,True,True,True,True,True,True,True,True,True,True,True,True,True,True,True,True,True,True,True,True,True,True,True,True,True,True,True,True,True,True,True,True,True,True,True,True,True,True,True
75,"",False,True,False,True,False,False,False,False,False,False,False,False,False,False,False,False,False,False,False,True,False,True,False,False,False,False,False,False,False,False,False,False,True,False,False,False,False,True,False,False,False,False,False
76,"枪术师 龙骑士 钐镰客",False,False,False,False,True,False,False,False,False,False,False,False,False,False,False,False,False,False,False,False,False,False,True,False,False,False,False,False,False,False,False,False,False,False,False,False,False,False,False,True,False,False,False
77,"",False,False,True,False,False,False,False,False,False,False,False,False,False,False,False,False,False,False,False,False,True,False,False,False,False,False,False,False,False,False,False,False,False,False,True,False,False,False,False,False,False,False,False
78,"",False,False,False,False,False,True,False,False,False,False,False,False,False,False,False,False,False,False,False,False,False,False,False,True,False,False,False,False,False,False,False,True,False,False,False,False,False,False,True,False,False,False,False
79,"",False,False,False,False,False,False,False,True,False,False,False,False,False,False,False,False,False,False,False,False,False,False,False,False,False,True,True,True,False,False,False,False,False,False,False,True,True,False,False,False,False,False,True
80,"",False,False,False,False,False,False,True,False,False,False,False,False,False,False,False,False,False,False,False,False,False,False,False,False,True,False,False,False,True,False,False,False,False,True,False,False,False,False,False,False,True,False,False
81,"",False,False,True,False,True,True,False,False,False,False,False,False,False,False,False,False,False,False,False,False,True,False,True,True,False,False,False,False,False,True,True,True,False,False,True,False,False,False,True,True,False,True,False
82,"",False,False,False,False,False,False,True,True,False,False,False,False,False,False,False,False,False,False,False,False,False,False,False,False,True,True,True,True,True,False,False,False,False,True,False,True,True,False,False,False,True,False,True
83,"",False,False,False,False,False,False,False,False,True,True,True,True,True,True,True,True,True,True,True,False,False,False,False,False,False,False,False,False,False,False,False,False,False,False,False,False,False,False,False,False,False,False,False
84,"格斗家 枪术师 武僧 龙骑士 武士 钐镰客",False,False,True,False,True,False,False,False,False,False,False,False,False,False,False,False,False,False,False,False,True,False,True,False,False,False,False,False,False,False,False,False,False,False,True,False,False,False,False,True,False,False,False
85,"战斗精英 魔法导师 特职专用",False,False,False,False,False,False,False,False,False,False,False,False,False,False,False,False,False,False,False,True,True,True,True,True,True,True,False,True,True,False,True,True,True,True,True,True,False,True,True,True,True,True,True
86,"骑士 战士 暗黑骑士 绝枪战士 武僧 龙骑士 忍者 武士",False,False,False,False,False,False,False,False,False,False,False,False,False,False,False,False,False,False,False,True,True,True,True,False,False,False,False,False,False,False,True,False,True,False,True,False,False,True,False,False,False,False,False
87,"吟游诗人 机工士 舞者 黑魔法师 召唤师 赤魔法师 白魔法师 学者 占星术士",False,False,False,False,False,False,False,False,False,False,False,False,False,False,False,False,False,False,False,False,False,False,False,True,True,True,False,True,True,False,False,True,False,True,False,True,False,False,True,False,False,False,False
88,"剑术师 斧术师 格斗家 枪术师 弓箭手 双剑师 骑士 武僧 战士 龙骑士 吟游诗人 忍者 暗黑骑士 机工士",False,True,True,True,True,True,False,False,False,False,False,False,False,False,False,False,False,False,False,True,True,True,True,True,False,False,False,False,False,True,True,True,True,False,False,False,False,False,False,False,False,False,False
89,"黑魔法师 召唤师 赤魔法师 绘灵法师",False,False,False,False,False,False,False,False,False,False,False,False,False,False,False,False,False,False,False,False,False,False,False,False,False,True,False,True,False,False,False,False,False,False,False,True,False,False,False,False,False,False,True
90,"弓箭手 幻术师 咒术师 秘术师 白魔法师 吟游诗人 黑魔法师 召唤师 学者 机工士 占星术士",False,False,False,False,False,True,True,True,False,False,False,False,False,False,False,False,False,False,False,False,False,False,False,True,True,True,True,True,True,False,False,True,False,True,False,False,False,False,False,False,False,False,False
91,"双剑师",False,False,False,False,False,False,False,False,False,False,False,False,False,False,False,False,False,False,False,False,False,False,False,False,False,False,False,False,False,True,False,False,False,False,False,False,False,False,False,False,False,False,False
92,"忍者",False,False,False,False,False,False,False,False,False,False,False,False,False,False,False,False,False,False,False,False,False,False,False,False,False,False,False,False,False,False,True,False,False,False,False,False,False,False,False,False,False,False,False
93,"双剑师 忍者",False,False,False,False,False,False,False,False,False,False,False,False,False,False,False,False,False,False,False,False,False,False,False,False,False,False,False,False,False,True,True,False,False,False,False,False,False,False,False,False,False,False,False
94,"剑术师 格斗家 斧术师 枪术师 弓箭手 双剑师 忍者",False,True,True,True,True,True,False,False,False,False,False,False,False,False,False,False,False,False,False,False,False,False,False,False,False,False,False,False,False,True,True,False,False,False,False,False,False,False,False,False,False,False,False
95,"剑术师 格斗家 斧术师 枪术师 双剑师 忍者",False,True,True,True,True,False,False,False,False,False,False,False,False,False,False,False,False,False,False,False,False,False,False,False,False,False,False,False,False,True,True,False,False,False,False,False,False,False,False,False,False,False,False
96,"机工士",False,False,False,False,False,False,False,False,False,False,False,False,False,False,False,False,False,False,False,False,False,False,False,False,False,False,False,False,False,False,False,True,False,False,False,False,False,False,False,False,False,False,False
97,"格斗家 枪术师 弓箭手 双剑师 武僧 龙骑士 吟游诗人 忍者 机工士",False,False,True,False,True,True,False,False,False,False,False,False,False,False,False,False,False,False,False,False,True,False,True,True,False,False,False,False,False,True,True,True,False,False,False,False,False,False,False,False,False,False,False
98,"暗黑骑士",False,False,False,False,False,False,False,False,False,False,False,False,False,False,False,False,False,False,False,False,False,False,False,False,False,False,False,False,False,False,False,False,True,False,False,False,False,False,False,False,False,False,False
99,"占星术士",False,False,False,False,False,False,False,False,False,False,False,False,False,False,False,False,False,False,False,False,False,False,False,False,False,False,False,False,False,False,False,False,False,True,False,False,False,False,False,False,False,False,False
100,"弓箭手 双剑师 吟游诗人 忍者 机工士",False,False,False,False,False,True,False,False,False,False,False,False,False,False,False,False,False,False,False,False,False,False,False,True,False,False,False,False,False,True,True,True,False,False,False,False,False,False,False,False,False,False,False
101,"格斗家 枪术师 双剑师 武僧 龙骑士 忍者",False,False,True,False,True,False,False,False,False,False,False,False,False,False,False,False,False,False,False,False,True,False,True,False,False,False,False,False,False,True,True,False,False,False,False,False,False,False,False,False,False,False,False
102,"格斗家 双剑师 武僧 忍者 武士 蝰蛇剑士",False,False,True,False,False,False,False,False,False,False,False,False,False,False,False,False,False,False,False,False,True,False,False,False,False,False,False,False,False,True,True,False,False,False,True,False,False,False,False,False,False,True,False
103,"双剑师 忍者 蝰蛇剑士",False,False,False,False,False,False,False,False,False,False,False,False,False,False,False,False,False,False,False,False,False,False,False,False,False,False,False,False,False,True,True,False,False,False,False,False,False,False,False,False,False,True,False
104,"",False,False,False,False,False,False,False,False,False,False,False,False,False,False,False,False,False,False,False,False,False,False,False,False,False,False,False,False,False,True,True,False,False,False,False,False,False,False,False,False,False,True,False
105,"弓箭手 双剑师 吟游诗人 忍者 机工士 舞者 蝰蛇剑士",False,False,False,False,False,True,False,False,False,False,False,False,False,False,False,False,False,False,False,False,False,False,False,True,False,False,False,False,False,True,True,True,False,False,False,False,False,False,True,False,False,True,False
106,"剑术师 格斗家 斧术师 枪术师 弓箭手 双剑师 吟游诗人",False,True,True,True,True,True,False,False,False,False,False,False,False,False,False,False,False,False,False,False,False,False,False,True,False,False,False,False,False,True,False,False,False,False,False,False,False,False,False,False,False,False,False
107,"骑士 武僧 战士 龙骑士 吟游诗人 白魔法师 黑魔法师 召唤师 学者 忍者 机工士 暗黑骑士 占星术士",False,False,False,False,False,False,False,False,False,False,False,False,False,False,False,False,False,False,False,True,True,True,True,True,True,True,False,True,True,False,True,True,True,True,False,False,False,False,False,False,False,False,False
108,"战斗精英 魔法导师",False,True,True,True,True,True,True,True,False,False,False,False,False,False,False,False,False,False,False,True,True,True,True,True,True,True,True,True,True,True,True,True,True,True,True,True,True,True,True,True,True,True,True
109,"",False,True,True,True,True,True,True,True,True,True,True,True,True,True,True,True,True,True,True,True,True,True,True,True,True,True,True,True,True,True,True,True,True,True,True,True,True,True,True,True,True,True,True
110,"战斗精英 魔法导师 特职专用",False,False,False,False,False,False,False,False,False,False,False,False,False,False,False,False,False,False,False,True,True,True,True,True,True,True,False,True,True,False,True,True,True,True,True,True,True,True,True,True,True,True,True
111,"武士",False,False,False,False,False,False,False,False,False,False,False,False,False,False,False,False,False,False,False,False,False,False,False,False,False,False,False,False,False,False,False,False,False,False,True,False,False,False,False,False,False,False,False
112,"赤魔法师",False,False,False,False,False,False,False,False,False,False,False,False,False,False,False,False,False,False,False,False,False,False,False,False,False,False,False,False,False,False,False,False,False,False,False,True,False,False,False,False,False,False,False
113,"剑术师 斧术师 骑士 战士 暗黑骑士 绝枪战士",False,True,False,True,False,False,False,False,False,False,False,False,False,False,False,False,False,False,False,True,False,True,False,False,False,False,False,False,False,False,False,False,True,False,False,False,False,True,False,False,False,False,False
114,"格斗家 枪术师 武僧 龙骑士 双剑师 忍者 武士 钐镰客 蝰蛇剑士",False,False,True,False,True,False,False,False,False,False,False,False,False,False,False,False,False,False,False,False,True,False,True,False,False,False,False,False,False,True,True,False,False,False,True,False,False,False,False,True,False,True,False
115,"弓箭手 吟游诗人 机工士 舞者",False,False,False,False,False,True,False,False,False,False,False,False,False,False,False,False,False,False,False,False,False,False,False,True,False,False,False,False,False,False,False,True,False,False,False,False,False,False,True,False,False,False,False
116,"咒术师 黑魔法师 秘术师 召唤师 赤魔法师 青魔法师 绘灵法师",False,False,False,False,False,False,False,True,False,False,False,False,False,False,False,False,False,False,False,False,False,False,False,False,False,True,True,True,False,False,False,False,False,False,False,True,True,False,False,False,False,False,True
117,"幻术师 白魔法师 学者 占星术士 贤者",False,False,False,False,False,False,True,False,False,False,False,False,False,False,False,False,False,False,False,False,False,False,False,False,True,False,False,False,True,False,False,False,False,True,False,False,False,False,False,False,True,False,False
118,"格斗家 枪术师 弓箭手 武僧 龙骑士 吟游诗人 双剑师 忍者 机工士 武士 舞者 钐镰客 蝰蛇剑士",False,False,True,False,True,True,False,False,False,False,False,False,False,False,False,False,False,False,False,False,True,False,True,True,False,False,False,False,False,True,True,True,False,False,True,False,False,False,True,True,False,True,False
119,"格斗家 枪术师 咒术师 武僧 龙骑士 黑魔法师 秘术师 召唤师 双剑师 忍者 武士 赤魔法师 青魔法师 钐镰客 蝰蛇剑士 绘灵法师",False,False,True,False,True,False,False,True,False,False,False,False,False,False,False,False,False,False,False,False,True,False,True,False,False,True,True,True,False,True,True,False,False,False,True,True,True,False,False,True,False,True,True
120,"幻术师 咒术师 白魔法师 黑魔法师 秘术师 召唤师 学者 占星术士 赤魔法师 青魔法师 贤者 绘灵法师",False,False,False,False,False,False,True,True,False,False,False,False,False,False,False,False,False,False,False,False,False,False,False,False,True,True,True,True,True,False,False,False,False,True,False,True,True,False,False,False,True,False,True
121,"骑士 战士 暗黑骑士 绝枪战士",False,False,False,False,False,False,False,False,False,False,False,False,False,False,False,False,False,False,False,True,False,True,False,False,False,False,False,False,False,False,False,False,True,False,False,False,False,True,False,False,False,False,False
122,"武僧 龙骑士 忍者 武士 钐镰客 蝰蛇剑士",False,False,False,False,False,False,False,False,False,False,False,False,False,False,False,False,False,False,False,False,True,False,True,False,False,False,False,False,False,False,True,False,False,False,True,False,False,False,False,True,False,True,False
123,"吟游诗人 机工士 舞者",False,False,False,False,False,False,False,False,False,False,False,False,False,False,False,False,False,False,False,False,False,False,False,True,False,False,False,False,False,False,False,True,False,False,False,False,False,False,True,False,False,False,False
124,"黑魔法师 召唤师 赤魔法师 青魔法师 绘灵法师",False,False,False,False,False,False,False,False,False,False,False,False,False,False,False,False,False,False,False,False,False,False,False,False,False,True,False,True,False,False,False,False,False,False,False,True,True,False,False,False,False,False,True
125,"白魔法师 学者 占星术士 贤者",False,False,False,False,False,False,False,False,False,False,False,False,False,False,False,False,False,False,False,False,False,False,False,False,True,False,False,False,True,False,False,False,False,True,False,False,False,False,False,False,True,False,False
126,"武僧 龙骑士 吟游诗人 忍者 机工士 武士 舞者 钐镰客 蝰蛇剑士",False,False,False,False,False,False,False,False,False,False,False,False,False,False,False,False,False,False,False,False,True,False,True,True,False,False,False,False,False,False,True,True,False,False,True,False,False,False,True,True,False,True,False
127,"武僧 龙骑士 黑魔法师 召唤师 忍者 武士 赤魔法师 青魔法师 钐镰客 蝰蛇剑士 绘灵法师",False,False,False,False,False,False,False,False,False,False,False,False,False,False,False,False,False,False,False,False,True,False,True,False,False,True,False,True,False,False,True,False,False,False,True,True,True,False,False,True,False,True,True
128,"白魔法师 黑魔法师 召唤师 学者 占星术士 赤魔法师 青魔法师 贤者 绘灵法师",False,False,False,False,False,False,False,False,False,False,False,False,False,False,False,False,False,False,False,False,False,False,False,False,True,True,False,True,True,False,False,False,False,True,False,True,True,False,False,False,True,False,True
129,"青魔法师",False,False,False,False,False,False,False,False,False,False,False,False,False,False,False,False,False,False,False,False,False,False,False,False,False,False,False,False,False,False,False,False,False,False,False,False,True,False,False,False,False,False,False
130,"所有（除设限特职）",True,True,True,True,True,True,True,True,True,True,True,True,True,True,True,True,True,True,True,True,True,True,True,True,True,True,True,True,True,True,True,True,True,True,True,True,False,True,True,True,True,True,True
131,"武僧 龙骑士 吟游诗人 黑魔法师 召唤师 忍者 机工士 武士 赤魔法师 舞者 钐镰客 蝰蛇剑士 绘灵法师",False,False,False,False,False,False,False,False,False,False,False,False,False,False,False,False,False,False,False,False,True,False,True,True,False,True,False,True,False,False,True,True,False,False,True,True,False,False,True,True,False,True,True
132,"武僧 龙骑士 吟游诗人 白魔法师 黑魔法师 召唤师 学者 忍者 机工士 占星术士 武士 赤魔法师 舞者 钐镰客 贤者 蝰蛇剑士 绘灵法师",False,False,False,False,False,False,False,False,False,False,False,False,False,False,False,False,False,False,False,False,True,False,True,True,True,True,False,True,True,False,True,True,False,True,True,True,False,False,True,True,True,True,True
133,"白魔法师 学者 占星术士 贤者",False,False,False,False,False,False,False,False,False,False,False,False,False,False,False,False,False,False,False,False,False,False,False,False,True,False,False,False,True,False,False,False,False,True,False,False,False,False,False,False,True,False,False
134,"骑士 战士 暗黑骑士 绝枪战士",False,False,False,False,False,False,False,False,False,False,False,False,False,False,False,False,False,False,False,True,False,True,False,False,False,False,False,False,False,False,False,False,True,False,False,False,False,True,False,False,False,False,False
135,"骑士 武僧 战士 龙骑士 吟游诗人 黑魔法师 召唤师 忍者 机工士 暗黑骑士 武士 赤魔法师 绝枪战士 舞者 钐镰客 蝰蛇剑士 绘灵法师",False,False,False,False,False,False,False,False,False,False,False,False,False,False,False,False,False,False,False,True,True,True,True,True,False,True,False,True,False,False,True,True,True,False,True,True,False,True,True,True,False,True,True
136,"骑士 战士 白魔法师 学者 暗黑骑士 占星术士 绝枪战士 贤者",False,False,False,False,False,False,False,False,False,False,False,False,False,False,False,False,False,False,False,True,False,True,False,False,True,False,False,False,True,False,False,False,True,True,False,False,False,True,False,False,True,False,False
137,"骑士 武僧 战士 龙骑士 吟游诗人 白魔法师 黑魔法师 召唤师 学者 忍者 机工士 暗黑骑士 占星术士 武士 赤魔法师 绝枪战士 舞者 钐镰客 贤者 蝰蛇剑士 绘灵法师",False,False,False,False,False,False,False,False,False,False,False,False,False,False,False,False,False,False,False,True,True,True,True,True,True,True,False,True,True,False,True,True,True,True,True,True,False,True,True,True,True,True,True
138,"骑士 武僧 战士 龙骑士 忍者 暗黑骑士 武士 绝枪战士 钐镰客 蝰蛇剑士",False,False,False,False,False,False,False,False,False,False,False,False,False,False,False,False,False,False,False,True,True,True,True,False,False,False,False,False,False,False,True,False,True,False,True,False,False,True,False,True,False,True,False
139,"吟游诗人 机工士 舞者",False,False,False,False,False,False,False,False,False,False,False,False,False,False,False,False,False,False,False,False,False,False,False,True,False,False,False,False,False,False,False,True,False,False,False,False,False,False,True,False,False,False,False
140,"白魔法师 黑魔法师 召唤师 学者 占星术士 赤魔法师 贤者 绘灵法师",False,False,False,False,False,False,False,False,False,False,False,False,False,False,False,False,False,False,False,False,False,False,False,False,True,True,False,True,True,False,False,False,False,True,False,True,False,False,False,False,True,False,True
141,"骑士 武僧 战士 龙骑士 吟游诗人 白魔法师 黑魔法师 召唤师 学者 机工士 暗黑骑士 占星术士 武士 赤魔法师 绝枪战士 舞者 钐镰客 贤者 蝰蛇剑士 绘灵法师",False,False,False,False,False,False,False,False,False,False,False,False,False,False,False,False,False,False,False,True,True,True,True,True,True,True,False,True,True,False,False,True,True,True,True,True,False,True,True,True,True,True,True
142,"战斗精英和魔法导师（除设限特职）",False,True,True,True,True,True,True,True,False,False,False,False,False,False,False,False,False,False,False,True,True,True,True,True,True,True,True,True,True,True,True,True,True,True,True,True,False,True,True,True,True,True,True
143,"战斗精英（除设限特职）",False,True,True,True,True,True,False,False,False,False,False,False,False,False,False,False,False,False,False,True,True,True,True,True,False,False,False,False,False,True,True,True,True,False,True,False,False,True,True,True,False,True,False
144,"魔法导师（除设限特职）",False,False,False,False,False,False,True,True,False,False,False,False,False,False,False,False,False,False,False,False,False,False,False,False,True,True,True,True,True,False,False,False,False,True,False,True,False,False,False,False,True,False,True
145,"骑士 武僧 战士 龙骑士 吟游诗人 忍者 机工士 暗黑骑士 武士 绝枪战士 舞者 钐镰客 蝰蛇剑士",False,False,False,False,False,False,False,False,False,False,False,False,False,False,False,False,False,False,False,True,True,True,True,True,False,False,False,False,False,False,True,True,True,False,True,False,False,True,True,True,False,True,False
146,"战斗精英 魔法导师 特职专用（除设限特职）",False,False,False,False,False,False,False,False,False,False,False,False,False,False,False,False,False,False,False,True,True,True,True,True,True,True,False,True,True,False,True,True,True,True,True,True,False,True,True,True,True,True,True
147,"黑魔法师 召唤师 赤魔法师 绘灵法师",False,False,False,False,False,False,False,False,False,False,False,False,False,False,False,False,False,False,False,False,False,False,False,False,False,True,False,True,False,False,False,False,False,False,False,True,False,False,False,False,False,False,True
148,"武僧 龙骑士 忍者 武士 钐镰客 蝰蛇剑士",False,False,False,False,False,False,False,False,False,False,False,False,False,False,False,False,False,False,False,False,True,False,True,False,False,False,False,False,False,False,True,False,False,False,True,False,False,False,False,True,False,True,False
149,"绝枪战士",False,False,False,False,False,False,False,False,False,False,False,False,False,False,False,False,False,False,False,False,False,False,False,False,False,False,False,False,False,False,False,False,False,False,False,False,False,True,False,False,False,False,False
150,"舞者",False,False,False,False,False,False,False,False,False,False,False,False,False,False,False,False,False,False,False,False,False,False,False,False,False,False,False,False,False,False,False,False,False,False,False,False,False,False,True,False,False,False,False
151,"锻铁匠、铸甲匠、雕金匠",False,False,False,False,False,False,False,False,False,True,True,True,False,False,False,False,False,False,False,False,False,False,False,False,False,False,False,False,False,False,False,False,False,False,False,False,False,False,False,False,False,False,False
152,"刻木匠、制革匠、裁衣匠",False,False,False,False,False,False,False,False,True,False,False,False,True,True,False,False,False,False,False,False,False,False,False,False,False,False,False,False,False,False,False,False,False,False,False,False,False,False,False,False,False,False,False
153,"炼金术士、烹调师",False,False,False,False,False,False,False,False,False,False,False,False,False,False,True,True,False,False,False,False,False,False,False,False,False,False,False,False,False,False,False,False,False,False,False,False,False,False,False,False,False,False,False
154,"采矿工、园艺工",False,False,False,False,False,False,False,False,False,False,False,False,False,False,False,False,True,True,False,False,False,False,False,False,False,False,False,False,False,False,False,False,False,False,False,False,False,False,False,False,False,False,False
155,"捕鱼人",False,False,False,False,False,False,False,False,False,False,False,False,False,False,False,False,False,False,True,False,False,False,False,False,False,False,False,False,False,False,False,False,False,False,False,False,False,False,False,False,False,False,False
156,"防护职业（设限特职除外）",False,False,False,False,False,False,False,False,False,False,False,False,False,False,False,False,False,False,False,True,False,True,False,False,False,False,False,False,False,False,False,False,True,False,False,False,False,True,False,False,False,False,False
157,"治疗职业（设限特职除外）",False,False,False,False,False,False,False,False,False,False,False,False,False,False,False,False,False,False,False,False,False,False,False,False,True,False,False,False,True,False,False,False,False,True,False,False,False,False,False,False,True,False,False
158,"物理进攻职业（设限特职除外）",False,False,False,False,False,False,False,False,False,False,False,False,False,False,False,False,False,False,False,False,True,False,True,True,False,False,False,False,False,False,True,True,False,False,True,False,False,False,True,True,False,True,False
159,"魔法进攻职业（设限特职除外）",False,False,False,False,False,False,False,False,False,False,False,False,False,False,False,False,False,False,False,False,False,False,False,False,False,True,False,True,False,False,False,False,False,False,False,True,False,False,False,False,False,False,True
160,"秘术师 学者",False,False,False,False,False,False,False,False,False,False,False,False,False,False,False,False,False,False,False,False,False,False,False,False,False,False,True,False,True,False,False,False,False,False,False,False,False,False,False,False,False,False,False
161,"剑术师 格斗家 斧术师 枪术师 弓箭手 骑士 武僧 战士 龙骑士 吟游诗人 双剑师 忍者 机工士 暗黑骑士 武士 绝枪战士 舞者 钐镰客 蝰蛇剑士",False,True,True,True,True,True,False,False,False,False,False,False,False,False,False,False,False,False,False,True,True,True,True,True,False,False,False,False,False,True,True,True,True,False,True,False,False,True,True,True,False,True,False
162,"骑士 武僧 战士 龙骑士 吟游诗人 白魔法师 黑魔法师 召唤师 学者 
忍者 机工士 暗黑骑士 占星术士 武士 赤魔法师 绝枪战士 舞者",False,False,False,False,False,False,False,False,False,False,False,False,False,False,False,False,False,False,False,True,True,True,True,True,True,True,False,True,True,False,True,True,True,True,True,True,False,True,True,False,False,False,False
163,"武僧 龙骑士 吟游诗人 黑魔法师 召唤师 忍者 机工士 武士 赤魔法师 舞者 钐镰客 蝰蛇剑士 绘灵法师",False,False,False,False,False,False,False,False,False,False,False,False,False,False,False,False,False,False,False,False,True,False,True,True,False,True,False,True,False,False,True,True,False,False,True,True,False,False,True,True,False,True,True
164,"武僧 龙骑士 吟游诗人 白魔法师 黑魔法师 召唤师 学者 忍者 机工士 占星术士 武士 赤魔法师 舞者 钐镰客 贤者 蝰蛇剑士 绘灵法师",False,False,False,False,False,False,False,False,False,False,False,False,False,False,False,False,False,False,False,False,True,False,True,True,True,True,False,True,True,False,True,True,False,True,True,True,False,False,True,True,True,True,True
165,"白魔法师 学者 占星术士 贤者",False,False,False,False,False,False,False,False,False,False,False,False,False,False,False,False,False,False,False,False,False,False,False,False,True,False,False,False,True,False,False,False,False,True,False,False,False,False,False,False,True,False,False
166,"骑士 战士 暗黑骑士 绝枪战士",False,False,False,False,False,False,False,False,False,False,False,False,False,False,False,False,False,False,False,True,False,True,False,False,False,False,False,False,False,False,False,False,True,False,False,False,False,True,False,False,False,False,False
167,"骑士 武僧 战士 龙骑士 吟游诗人 黑魔法师 召唤师 忍者 机工士 暗黑骑士 武士 赤魔法师 绝枪战士 舞者 钐镰客 蝰蛇剑士 绘灵法师",False,False,False,False,False,False,False,False,False,False,False,False,False,False,False,False,False,False,False,True,True,True,True,True,False,True,False,True,False,False,True,True,True,False,True,True,False,True,True,True,False,True,True
168,"骑士 战士 白魔法师 学者 暗黑骑士 占星术士 绝枪战士 贤者",False,False,False,False,False,False,False,False,False,False,False,False,False,False,False,False,False,False,False,True,False,True,False,False,True,False,False,False,True,False,False,False,True,True,False,False,False,True,False,False,True,False,False
169,"骑士 武僧 战士 龙骑士 吟游诗人 白魔法师 黑魔法师 召唤师 学者 忍者 机工士 暗黑骑士 占星术士 武士 赤魔法师 绝枪战士 舞者 钐镰客 贤者 蝰蛇剑士 绘灵法师",False,False,False,False,False,False,False,False,False,False,False,False,False,False,False,False,False,False,False,True,True,True,True,True,True,True,False,True,True,False,True,True,True,True,True,True,False,True,True,True,True,True,True
170,"骑士 武僧 战士 龙骑士 忍者 暗黑骑士 武士 绝枪战士 钐镰客 蝰蛇剑士",False,False,False,False,False,False,False,False,False,False,False,False,False,False,False,False,False,False,False,True,True,True,True,False,False,False,False,False,False,False,True,False,True,False,True,False,False,True,False,True,False,True,False
171,"吟游诗人 机工士 舞者",False,False,False,False,False,False,False,False,False,False,False,False,False,False,False,False,False,False,False,False,False,False,False,True,False,False,False,False,False,False,False,True,False,False,False,False,False,False,True,False,False,False,False
172,"白魔法师 黑魔法师 召唤师 学者 占星术士 赤魔法师 贤者 绘灵法师",False,False,False,False,False,False,False,False,False,False,False,False,False,False,False,False,False,False,False,False,False,False,False,False,True,True,False,True,True,False,False,False,False,True,False,True,False,False,False,False,True,False,True
173,"骑士 武僧 战士 龙骑士 吟游诗人 白魔法师 黑魔法师 召唤师 学者 机工士 暗黑骑士 占星术士 武士 赤魔法师 绝枪战士 舞者 钐镰客 贤者 蝰蛇剑士 绘灵法师",False,False,False,False,False,False,False,False,False,False,False,False,False,False,False,False,False,False,False,True,True,True,True,True,True,True,False,True,True,False,False,True,True,True,True,True,False,True,True,True,True,True,True
174,"骑士 武僧 战士 龙骑士 吟游诗人 忍者 机工士 暗黑骑士 武士 绝枪战士 舞者 钐镰客 蝰蛇剑士",False,False,False,False,False,False,False,False,False,False,False,False,False,False,False,False,False,False,False,True,True,True,True,True,False,False,False,False,False,False,True,True,True,False,True,False,False,True,True,True,False,True,False
175,"黑魔法师 召唤师 赤魔法师 绘灵法师",False,False,False,False,False,False,False,False,False,False,False,False,False,False,False,False,False,False,False,False,False,False,False,False,False,True,False,True,False,False,False,False,False,False,False,True,False,False,False,False,False,False,True
176,"武僧 龙骑士 忍者 武士 钐镰客 蝰蛇剑士",False,False,False,False,False,False,False,False,False,False,False,False,False,False,False,False,False,False,False,False,True,False,True,False,False,False,False,False,False,False,True,False,False,False,True,False,False,False,False,True,False,True,False
177,"武僧 龙骑士 吟游诗人 忍者 机工士 武士 舞者 钐镰客 蝰蛇剑士",False,False,False,False,False,False,False,False,False,False,False,False,False,False,False,False,False,False,False,False,True,False,True,True,False,False,False,False,False,False,True,True,False,False,True,False,False,False,True,True,False,True,False
178,"骑士 战士 黑魔法师 召唤师 暗黑骑士 赤魔法师 绝枪战士 绘灵法师",False,False,False,False,False,False,False,False,False,False,False,False,False,False,False,False,False,False,False,True,False,True,False,False,False,True,False,True,False,False,False,False,True,False,False,True,False,True,False,False,False,False,True
179,"白魔法师 召唤师 学者 占星术士 赤魔法师 贤者 绘灵法师",False,False,False,False,False,False,False,False,False,False,False,False,False,False,False,False,False,False,False,False,False,False,False,False,True,False,False,True,True,False,False,False,False,True,False,True,False,False,False,False,True,False,True
180,"钐镰客",False,False,False,False,False,False,False,False,False,False,False,False,False,False,False,False,False,False,False,False,False,False,False,False,False,False,False,False,False,False,False,False,False,False,False,False,False,False,False,True,False,False,False
181,"贤者",False,False,False,False,False,False,False,False,False,False,False,False,False,False,False,False,False,False,False,False,False,False,False,False,False,False,False,False,False,False,False,False,False,False,False,False,False,False,False,False,True,False,False
182,"",False,True,False,True,False,False,False,False,False,False,False,False,False,False,False,False,False,False,False,True,False,True,False,False,False,False,False,False,False,False,False,False,True,False,False,False,False,True,False,False,False,False,False
183,"",False,False,False,False,False,False,True,False,False,False,False,False,False,False,False,False,False,False,False,False,False,False,False,False,True,False,False,False,True,False,False,False,False,True,False,False,False,False,False,False,True,False,False
184,"",False,False,True,False,True,True,False,False,False,False,False,False,False,False,False,False,False,False,False,False,True,False,True,True,False,False,False,False,False,True,True,True,False,False,True,False,False,False,True,True,False,True,False
185,"",False,False,False,False,False,False,False,True,False,False,False,False,False,False,False,False,False,False,False,False,False,False,False,False,False,True,True,True,False,False,False,False,False,False,False,True,False,False,False,False,False,False,True
186,"防护职业（设限特职除外）",False,False,False,False,False,False,False,False,False,False,False,False,False,False,False,False,False,False,False,True,False,True,False,False,False,False,False,False,False,False,False,False,True,False,False,False,False,True,False,False,False,False,False
187,"治疗职业（设限特职除外）",False,False,False,False,False,False,False,False,False,False,False,False,False,False,False,False,False,False,False,False,False,False,False,False,True,False,False,False,True,False,False,False,False,True,False,False,False,False,False,False,True,False,False
188,"近战职业（设限特职除外）",False,False,False,False,False,False,False,False,False,False,False,False,False,False,False,False,False,False,False,False,True,False,True,False,False,False,False,False,False,False,True,False,False,False,True,False,False,False,False,True,False,True,False
189,"远程物理进攻职业（设限特职除外）",False,False,False,False,False,False,False,False,False,False,False,False,False,False,False,False,False,False,False,False,False,False,False,True,False,False,False,False,False,False,False,True,False,False,False,False,False,False,True,False,False,False,False
190,"远程魔法进攻职业（设限特职除外）",False,False,False,False,False,False,False,False,False,False,False,False,False,False,False,False,False,False,False,False,False,False,False,False,False,True,False,True,False,False,False,False,False,False,False,True,False,False,False,False,False,False,True
191,"骑士 武僧 战士 龙骑士 吟游诗人 白魔法师 黑魔法师 召唤师 学者 忍者 机工士 暗黑骑士 占星术士 武士 赤魔法师 绝枪战士 舞者 钐镰客 贤者",False,False,False,False,False,False,False,False,False,False,False,False,False,False,False,False,False,False,False,True,True,True,True,True,True,True,False,True,True,False,True,True,True,True,True,True,False,True,True,True,True,False,False
192,"战斗精英和魔法导师（除设限特职）",False,True,True,True,True,True,True,True,False,False,False,False,False,False,False,False,False,False,False,True,True,True,True,True,True,True,True,True,True,True,True,True,True,True,True,True,False,True,True,True,True,True,True
193,"格斗家 枪术师 弓箭手 双剑师 幻术师 咒术师 秘术师 武僧 龙骑士 吟游诗人 白魔法师 黑魔法师 召唤师 学者 忍者 机工士 占星术士 武士 赤魔法师 舞者 钐镰客 贤者 蝰蛇剑士 绘灵法师",False,False,True,False,True,True,True,True,False,False,False,False,False,False,False,False,False,False,False,False,True,False,True,True,True,True,True,True,True,True,True,True,False,True,True,True,False,False,True,True,True,True,True
194,"剑术师 斧术师 幻术师 骑士 战士 白魔法师 学者 暗黑骑士 占星术士 绝枪战士 贤者",False,True,False,True,False,False,True,False,False,False,False,False,False,False,False,False,False,False,False,True,False,True,False,False,True,False,False,False,True,False,False,False,True,True,False,False,False,True,False,False,True,False,False
195,"剑术师 格斗家 斧术师 枪术师 弓箭手 双剑师 咒术师 秘术师 骑士 武僧 战士 龙骑士 吟游诗人 黑魔法师 召唤师 忍者 机工士 暗黑骑士 武士 赤魔法师 绝枪战士 舞者 钐镰客 蝰蛇剑士 绘灵法师",False,True,True,True,True,True,False,True,False,False,False,False,False,False,False,False,False,False,False,True,True,True,True,True,False,True,True,True,False,True,True,True,True,False,True,True,False,True,True,True,False,True,True
196,"蝰蛇剑士",False,False,False,False,False,False,False,False,False,False,False,False,False,False,False,False,False,False,False,False,False,False,False,False,False,False,False,False,False,False,False,False,False,False,False,False,False,False,False,False,False,True,False
197,"绘灵法师",False,False,False,False,False,False,False,False,False,False,False,False,False,False,False,False,False,False,False,False,False,False,False,False,False,False,False,False,False,False,False,False,False,False,False,False,False,False,False,False,False,False,True
198,"咒术师 黑魔法师 秘术师 召唤师 赤魔法师 绘灵法师",False,False,False,False,False,False,False,True,False,False,False,False,False,False,False,False,False,False,False,False,False,False,False,False,False,True,True,True,False,False,False,False,False,False,False,True,False,False,False,False,False,False,True
199,"幻术师 咒术师 白魔法师 黑魔法师 秘术师 召唤师 学者 占星术士 赤魔法师 贤者 绘灵法师",False,False,False,False,False,False,True,True,False,False,False,False,False,False,False,False,False,False,False,False,False,False,False,False,True,True,True,True,True,False,False,False,False,True,False,True,False,False,False,False,True,False,True
200,"",False,False,False,False,False,False,False,False,False,False,False,False,False,False,False,False,False,False,False,False,False,False,False,False,False,False,False,False,False,False,False,False,False,False,False,False,False,False,False,False,False,False,False
201,"",False,False,False,False,False,False,False,False,False,False,False,False,False,False,False,False,False,False,False,False,False,False,False,False,False,False,False,False,False,False,False,False,False,False,False,False,False,False,False,False,False,False,False
