key,0,1,2,3,4,5,6,7,8,9,10,11,12,13,14,15,16,17,18,19,20,21,22,23,24,25,26,27,28,29,30,31,32,33,34,35,36,37
#,Singular,Adjective,Plural,PossessivePronoun,StartsWithVowel,,Pronoun,Article,Model,Scale,InactiveIdle[0],InactiveIdle[1],InactiveBattle,InactiveWandering,Behavior,Special,WanderingWait,Priority,,,,,,Enemy,Battle,Roulette,Icon,Order,IdleAnimation,,Cost,HP,,Skill{Angle},Skill{Cost},,,MinionRace
int32,str,sbyte,str,sbyte,sbyte,sbyte,sbyte,sbyte,ModelChara,byte,byte,byte,byte,byte,CompanionMove,byte,byte,uint16,bit&01,bit&02,bit&04,bit&08,bit&10,uint16,bit&20,bit&40,Image,uint16,bit&80,byte,byte,uint16,byte,uint16,byte,byte,uint16,MinionRace
0,"",0,"",0,0,1,0,0,0,100,0,0,0,0,0,0,8,0,False,False,False,False,False,0,False,True,0,0,False,0,10,100,0,0,20,0,0,0
1,"爆弹仔",0,"",0,0,1,0,0,427,100,30,0,0,0,2,0,8,1,True,False,True,False,False,0,False,True,4403,1001,True,0,10,390,5,360,30,1,600,2
2,"自走人偶001号",0,"",0,0,1,0,0,419,100,30,0,0,0,1,0,8,200,False,True,False,False,False,0,False,True,4401,10001,True,0,10,410,37,0,20,1,620,3
3,"巧儿陆行鸟",0,"",0,0,1,0,0,423,100,30,0,30,0,2,0,8,3,True,False,True,False,True,0,False,True,4402,1,True,0,15,410,23,30,20,1,601,1
4,"凯特西娃娃",0,"",0,0,1,0,0,430,100,30,0,0,0,1,0,8,201,False,True,False,False,False,0,False,True,4404,10006,True,0,20,400,25,360,20,1,625,3
5,"贝希摩斯宝宝",0,"",0,0,1,0,0,428,100,30,0,0,0,2,0,8,5,True,False,True,False,True,0,False,True,4405,1002,True,90,15,430,1,30,20,1,601,2
6,"碧海人偶003号",0,"",0,0,1,0,0,420,100,30,0,0,0,1,0,8,200,False,True,False,False,False,0,False,True,4406,10002,True,0,10,365,14,30,20,1,607,3
7,"密林人偶003号",0,"",0,0,1,0,0,421,100,30,0,0,0,1,0,8,200,False,True,False,False,False,0,False,True,4407,10003,True,0,10,280,25,360,20,1,625,3
8,"黄沙人偶003号",0,"",0,0,1,0,0,422,100,30,0,0,0,1,0,8,200,False,True,False,False,False,0,False,True,4408,10004,True,0,10,420,13,120,20,1,631,3
9,"黑涡团巧儿陆行鸟",0,"",0,0,1,0,0,424,100,30,0,30,0,2,0,8,3,True,False,True,False,True,0,False,True,4409,2,True,0,10,315,19,30,30,1,601,1
10,"双蛇党巧儿陆行鸟",0,"",0,0,1,0,0,425,100,30,0,30,0,2,0,8,3,True,False,True,False,True,0,False,True,4410,3,True,0,10,350,30,360,20,1,623,1
11,"恒辉队巧儿陆行鸟",0,"",0,0,1,0,0,426,100,30,0,30,0,2,0,8,3,True,False,True,False,True,0,False,True,4411,4,True,0,10,320,26,120,20,1,622,1
12,"魔界花骨朵",0,"",0,0,1,0,0,429,100,30,0,0,0,2,0,8,6,True,False,True,False,False,0,False,True,4412,1003,True,0,30,560,20,120,20,1,602,2
13,"小松鼠",0,"",0,0,1,0,0,431,100,30,0,0,0,2,0,8,7,True,False,False,False,True,0,False,True,4413,1004,True,0,10,400,14,120,20,1,622,1
14,"魔菇宝",0,"",0,0,1,0,0,432,100,30,0,0,0,2,0,8,8,True,False,False,True,False,0,False,True,4414,1005,True,0,10,395,4,120,20,1,602,2
15,"沙蚤虫虫",0,"",0,0,1,0,0,433,100,30,0,0,0,2,0,8,9,True,False,True,True,False,0,False,True,4415,1006,True,130,10,420,9,0,20,1,620,1
16,"青鸟",0,"",0,0,1,0,0,434,80,30,0,0,0,2,3,8,10,True,False,True,False,True,0,False,True,4416,5001,True,100,15,460,1,120,20,1,605,1
17,"幼羚羊",0,"",0,0,1,0,0,435,100,20,10,0,30,2,0,8,11,True,False,False,False,True,0,False,True,4417,1007,True,0,15,400,22,360,20,2,632,1
18,"小小魔精",0,"",0,0,1,0,0,436,100,20,10,0,0,2,0,8,12,True,False,False,False,True,0,False,True,4418,1008,True,0,20,380,1,120,20,2,608,2
19,"长须小豹",0,"",0,0,1,0,0,437,85,10,10,0,0,2,0,8,13,True,False,True,False,True,35,True,True,4452,1009,True,0,10,365,1,30,30,3,603,1
20,"长须小黑豹",0,"",0,0,1,0,0,438,75,10,10,0,0,2,0,8,13,True,False,True,False,True,35,True,True,4514,1010,True,0,15,380,31,0,30,3,620,1
21,"非正宗调查员",0,"",0,0,1,0,0,882,100,10,0,0,0,1,0,8,268,False,True,False,False,False,0,False,True,4515,9014,True,0,30,400,16,360,60,2,630,3
22,"砂砾小像兵",0,"",0,0,1,0,0,440,100,20,10,0,0,1,0,8,202,False,True,False,True,False,0,False,True,4419,1011,True,0,20,480,10,0,20,2,620,2
23,"冬贝利玩偶",0,"",0,0,1,0,0,441,100,30,0,0,0,1,0,8,203,False,True,False,True,False,0,True,True,4453,1012,True,0,20,470,16,360,60,1,630,2
24,"精金幼龟",0,"",0,0,1,0,0,442,100,10,10,0,0,2,0,8,18,True,False,False,False,True,0,False,True,4420,1013,True,0,20,480,14,120,20,2,622,2
25,"盗龙小宝",0,"",0,0,1,0,0,443,100,20,20,0,0,2,0,8,19,True,False,False,False,True,0,False,True,4421,1014,True,0,10,400,21,0,20,2,620,2
26,"小蝙蝠",0,"",0,0,1,0,0,444,100,30,0,0,0,2,0,8,20,True,False,False,False,False,0,False,True,4422,1015,True,0,10,420,20,120,20,1,631,2
27,"树苗精",0,"",0,0,1,0,0,445,100,30,0,0,0,2,0,8,21,True,False,False,False,False,0,False,True,4423,1016,True,0,25,480,35,360,25,1,634,2
28,"灰尘兔",0,"",0,0,1,0,0,446,100,10,10,0,30,2,0,8,22,True,False,False,True,False,0,False,True,4424,1017,True,0,10,340,1,120,20,2,609,1
29,"无头骑士模型",0,"",0,0,1,0,0,447,100,30,0,0,0,1,0,8,204,False,True,True,False,False,0,False,True,4425,1018,True,0,20,445,35,360,30,1,634,2
30,"巨蝌蚪",0,"",0,0,1,0,0,448,100,30,0,0,0,2,0,8,24,True,False,False,False,False,0,False,True,4426,1019,True,0,20,495,13,30,20,1,607,2
31,"胖墩跳蜥",0,"",0,0,1,0,0,449,100,20,10,0,0,2,0,8,25,True,False,False,False,True,0,False,True,4427,1020,True,0,15,460,23,30,20,2,606,2
32,"小牛犊",0,"",0,0,1,0,0,450,100,30,0,0,0,2,0,8,26,True,False,True,False,True,0,False,True,4428,1021,True,0,10,440,9,0,20,1,620,2
33,"幼小仙人掌",0,"",0,0,1,0,0,451,100,20,0,0,20,2,0,3,27,True,False,True,False,False,0,False,True,4429,1022,True,0,10,380,17,0,30,1,620,2
34,"小壳蟹",0,"",0,0,1,0,0,452,100,30,0,0,0,2,0,8,28,True,False,True,False,False,0,False,True,4430,1023,True,0,10,420,28,120,20,1,605,2
35,"小狼",0,"",0,0,1,0,0,453,100,10,10,0,0,2,0,8,29,True,False,True,True,True,19,True,True,4450,1024,True,0,15,385,11,360,20,3,617,1
36,"小亮眼",0,"",0,0,1,0,0,454,100,30,0,0,0,2,0,8,30,True,False,False,True,True,0,False,True,4431,1024,True,0,10,440,1,30,20,1,613,2
37,"渡渡鸟雏",0,"",0,0,1,0,0,455,100,20,10,0,30,2,0,8,31,True,False,False,False,True,0,False,True,4432,1025,True,0,25,500,39,0,20,2,620,2
38,"矿爬虫虫",0,"",0,0,1,0,0,456,100,20,10,0,0,2,0,8,32,True,False,False,False,False,0,False,True,4433,1026,True,0,15,400,12,360,20,2,626,2
39,"小山羊玩偶",0,"",0,0,1,0,0,457,85,30,0,0,0,1,0,8,205,False,True,True,False,False,0,False,True,4434,1027,True,0,10,340,29,360,20,1,623,1
40,"幼碧企鹅",0,"",0,0,1,0,0,458,100,20,10,0,0,2,0,8,34,True,False,True,False,True,0,False,True,4435,1028,True,0,30,510,41,0,20,2,620,1
41,"发芽小猩猩",0,"",0,0,1,0,0,459,100,10,0,0,0,2,0,8,35,True,False,False,False,False,0,False,True,4436,1029,True,0,20,410,37,0,20,1,620,2
42,"一口小果冻",0,"",0,0,1,0,0,460,100,30,0,0,0,2,0,8,36,True,False,False,True,False,0,False,True,4437,1030,True,0,10,400,21,0,20,1,620,2
43,"魔导先锋追踪型",0,"",0,0,1,0,0,461,100,30,0,0,0,1,0,8,221,False,True,False,True,False,0,False,True,4438,11003,True,0,10,340,25,360,20,1,625,2
44,"恶魔砖块",0,"",0,0,1,0,0,462,100,10,5,0,30,2,0,8,38,True,False,False,True,False,0,False,True,4439,1031,True,0,15,390,38,120,20,2,609,2
45,"大头小鼹鼠",0,"",0,0,1,0,0,463,100,20,10,0,0,2,0,8,39,True,False,False,False,True,0,False,True,4440,1032,True,0,25,430,9,0,20,2,620,1
46,"睡羊羊",0,"",0,0,1,0,0,464,100,30,0,0,0,2,0,10,40,True,False,True,False,True,0,False,True,4441,1033,True,0,20,680,10,0,20,1,620,1
47,"粘液胶",0,"",0,0,1,0,0,465,100,30,0,0,0,2,0,8,41,True,False,False,True,False,0,False,True,4451,1034,True,0,10,430,23,30,20,1,606,2
48,"小小蔓德拉",0,"",0,0,1,0,0,466,90,10,10,30,0,2,0,8,42,True,False,True,False,True,0,False,True,4442,1025,True,0,15,360,1,120,20,2,609,1
49,"哥布林玩偶",0,"",0,0,1,0,0,467,100,10,5,0,0,1,0,8,207,False,True,False,True,False,0,False,True,4443,7001,True,0,15,435,26,120,20,2,622,3
50,"妖精娃娃",0,"",0,0,1,0,0,468,100,30,0,0,0,1,0,8,208,False,True,True,False,False,0,False,True,4449,7002,True,0,15,490,13,30,20,1,621,3
51,"手指光标",0,"",0,0,1,0,0,469,100,20,0,0,0,1,0,8,0,False,False,False,False,False,0,False,True,4444,11501,True,0,15,400,14,30,20,2,621,4
52,"无敌号模型",0,"",0,0,1,0,0,470,100,30,0,0,0,1,0,8,0,False,False,False,False,False,0,False,True,4445,11001,True,0,25,465,11,360,20,2,617,4
53,"卢恩人玩偶",0,"",0,0,1,0,0,471,90,30,0,0,0,1,0,8,206,False,True,True,False,False,0,False,True,4446,6001,True,0,15,380,44,0,30,1,620,3
54,"巧儿黑陆行鸟",0,"",0,0,1,0,0,505,100,30,0,30,0,2,0,8,3,True,False,True,False,True,0,False,True,4448,5,True,0,25,450,35,360,25,1,634,1
55,"发条卫月",0,"",0,0,1,0,0,472,100,30,0,0,0,1,0,8,0,False,False,False,False,False,0,False,True,4447,11004,True,0,20,520,17,0,30,1,620,4
56,"夺心小魔",0,"",0,0,1,0,0,578,100,30,0,0,0,2,0,8,49,True,False,False,False,True,0,False,True,4461,1035,True,0,25,455,13,120,20,2,616,2
57,"不说话的蜂鸟",0,"",0,0,1,0,0,579,55,30,0,0,0,2,3,8,50,True,False,True,False,True,0,False,True,4462,1036,True,0,10,365,40,0,30,1,631,1
58,"蜥蜴人玩偶",0,"",0,0,1,0,0,580,100,30,0,0,0,1,0,8,213,False,True,False,True,False,0,False,True,4454,7003,True,0,10,465,12,360,20,2,626,3
59,"鸟人玩偶",0,"",0,0,1,0,0,581,100,30,0,30,0,1,0,8,214,False,True,False,True,False,0,False,True,4474,7005,True,0,10,390,10,0,20,1,620,3
60,"地灵娃娃",0,"",0,0,1,0,0,699,100,30,0,0,0,1,0,8,215,False,True,False,True,False,0,False,True,4463,7006,True,0,10,440,13,120,20,1,622,3
61,"鱼人玩偶",0,"",0,0,1,0,0,700,100,30,0,0,0,1,0,8,216,False,True,False,True,False,0,False,True,4464,7007,True,0,15,435,28,120,20,1,605,3
62,"巨像丙",0,"",0,0,1,0,0,577,100,30,0,0,0,2,0,8,51,True,False,False,False,True,0,False,True,4455,13001,True,0,10,410,10,0,20,1,620,2
63,"香托托人偶",0,"",0,0,1,0,0,527,100,20,0,0,0,1,0,8,358,False,True,False,False,False,0,False,True,4456,12111,True,0,25,525,9,0,20,1,620,3
64,"艾德薇雅人偶",0,"",0,0,1,0,0,584,100,30,0,0,0,1,0,8,219,False,True,False,False,False,0,False,True,4457,10007,True,0,15,360,23,120,30,1,622,3
65,"发条太阳",0,"",0,0,1,0,0,585,100,0,0,0,0,3,8,8,0,False,False,False,False,False,0,False,True,4465,11502,True,0,15,440,10,0,20,1,620,4
66,"软软垫子",0,"",0,0,1,0,0,586,100,30,0,0,0,3,12,8,0,False,False,False,False,False,0,False,True,4466,11503,True,80,10,390,30,360,20,1,623,4
67,"光之战偶",0,"",0,0,1,0,0,0,100,0,0,0,0,1,0,8,0,False,True,False,False,False,0,False,True,4458,12011,False,0,10,100,0,0,20,1,0,3
68,"光之战偶",0,"",0,0,1,0,0,587,100,10,0,70,0,1,0,8,223,False,True,False,False,False,0,False,True,4550,12011,True,0,10,430,13,30,20,1,604,3
69,"光之战偶",0,"",0,0,1,0,0,623,100,10,0,70,0,1,0,8,223,False,True,False,False,False,0,False,True,4551,12011,True,0,10,420,27,360,30,1,615,3
70,"光之战偶",0,"",0,0,1,0,0,624,100,10,0,70,0,1,0,8,223,False,True,False,False,False,0,False,True,4552,12011,True,0,10,395,23,120,30,1,610,3
71,"袖珍领袖",0,"",0,0,1,0,0,0,100,0,0,0,0,1,0,8,0,False,True,False,True,False,0,False,True,4459,9015,False,0,20,100,0,0,20,1,0,3
72,"袖珍梅尔维布",0,"",0,0,1,0,0,626,100,10,0,0,0,1,0,8,224,False,True,False,True,False,0,False,True,4554,9016,True,0,20,470,43,0,20,1,620,3
73,"袖珍嘉恩·艾",0,"",0,0,1,0,0,627,100,10,0,0,0,1,0,8,224,False,True,False,True,False,0,False,True,4553,9017,True,0,20,430,29,360,30,1,623,3
74,"袖珍劳班",0,"",0,0,1,0,0,625,100,10,0,0,0,1,0,8,224,False,True,False,True,False,0,False,True,4555,9018,True,0,20,470,19,120,30,1,609,3
75,"巧儿陆行鸟王子",0,"",0,0,1,0,0,634,100,30,0,30,0,2,0,8,3,True,False,True,False,True,0,False,True,4460,6,True,0,10,365,14,30,20,1,621,1
76,"奥丁战偶",0,"",0,0,1,0,0,683,90,5,10,0,0,2,0,8,230,False,True,False,True,False,0,False,True,4468,8007,True,80,30,500,1,120,20,2,605,2
77,"光之战士",0,"",0,0,1,0,0,684,80,10,0,0,0,1,0,8,235,False,True,False,True,False,0,False,True,4467,12012,True,0,15,380,1,30,20,1,604,3
78,"发条巴哈姆特",0,"",0,0,1,0,0,685,100,10,0,0,0,2,0,8,0,True,False,False,False,False,118,False,True,4469,2002,True,0,25,410,1,120,20,3,636,2
79,"莫古力娃娃",0,"",0,0,1,0,0,688,100,10,0,0,0,1,4,8,233,False,True,False,False,False,0,False,True,4472,10,True,0,20,470,1,120,20,1,614,3
80,"奥猴宝宝",0,"",0,0,1,0,0,686,60,30,0,0,0,2,1,8,52,True,False,True,False,False,0,False,True,4470,1037,True,0,10,420,23,120,30,1,605,1
81,"魔法扫帚",0,"",0,0,1,0,0,687,100,10,0,0,80,2,0,5,0,False,False,False,False,False,0,False,True,4471,11504,True,0,25,420,30,360,20,1,623,4
82,"梦魔娃娃",0,"",0,0,1,0,0,748,80,10,0,0,0,1,2,8,231,False,True,False,True,False,0,False,True,4475,1038,True,0,10,340,11,360,30,1,617,2
83,"雏鸟祖",0,"",0,0,1,0,0,682,100,30,0,0,0,2,0,8,54,True,False,False,False,True,0,False,True,4473,1039,True,0,10,450,9,0,20,1,620,2
84,"迷你娜娜莫",0,"",0,0,1,0,0,751,80,10,0,0,0,1,1,8,266,False,True,True,False,False,0,False,True,4499,9019,True,0,20,490,15,0,20,1,620,3
85,"小小吉尔伽美什",0,"",0,0,1,0,0,756,100,10,0,0,0,1,0,8,68,False,True,False,True,False,0,False,True,4476,9501,True,0,25,485,5,360,30,2,600,3
86,"洋葱王子",0,"",0,0,1,0,0,742,100,10,20,0,0,2,0,8,42,True,False,True,False,True,0,False,True,4477,1025,True,0,15,440,31,0,30,1,620,1
87,"茄子骑士",0,"",0,0,1,0,0,743,100,15,10,0,0,2,0,8,42,True,False,True,False,True,0,False,True,4478,1025,True,0,15,415,12,360,20,1,626,1
88,"蒜头明星",0,"",0,0,1,0,0,744,100,15,10,0,0,2,0,8,42,True,False,True,False,True,0,False,True,4479,1025,True,0,15,435,11,360,20,1,617,1
89,"番茄国王",0,"",0,0,1,0,0,745,100,10,10,0,0,2,0,8,42,True,False,True,False,True,0,False,True,4480,1025,True,0,20,355,9,0,20,1,620,1
90,"蔓德拉王后",0,"",0,0,1,0,0,746,100,25,5,0,0,2,0,8,42,True,False,True,False,True,0,False,True,4481,1025,True,0,30,560,27,360,30,1,615,1
91,"迷你雅·修特拉",0,"",0,0,1,0,0,750,100,10,0,0,0,1,0,8,262,False,True,False,True,False,0,False,True,4500,9001,True,0,25,435,12,360,20,1,618,3
92,"洋葱小骑士",0,"",0,0,1,0,0,749,100,10,0,0,0,1,0,8,240,False,True,False,True,False,0,False,True,4482,12031,True,90,15,430,21,0,20,1,620,3
93,"宝宝箱",0,"",0,0,1,0,0,747,100,5,10,0,0,2,0,8,56,True,False,True,False,False,0,False,True,4483,1040,True,0,15,390,8,30,20,1,621,2
94,"小梦貘",0,"",0,0,1,0,0,754,80,30,0,0,0,2,0,8,57,True,False,True,False,True,0,False,True,4484,3001,True,0,10,390,23,120,30,1,631,1
95,"娜娜珂小熊",0,"",0,0,1,0,0,752,100,20,0,0,0,1,0,8,238,False,True,False,True,False,0,False,True,4485,3002,True,0,10,380,1,30,20,1,604,1
96,"发条矿车",0,"",0,0,1,0,0,753,100,10,0,0,0,1,0,8,0,False,False,False,False,False,0,False,True,4486,11505,True,0,15,415,25,360,20,1,625,4
97,"食果花鼠",0,"",0,0,1,0,0,755,100,10,0,0,30,2,1,8,59,True,False,True,False,True,0,False,True,4487,3003,True,0,30,450,36,360,30,1,634,1
98,"迷你敏菲利亚",0,"",0,0,1,0,0,797,100,10,0,0,0,1,0,8,262,False,True,False,True,False,0,False,True,4488,9002,True,0,20,400,1,30,20,1,604,3
99,"迷你桑克瑞德",0,"",0,0,1,0,0,796,100,10,0,0,0,1,0,8,262,False,True,False,True,False,0,False,True,4489,9003,True,0,20,450,35,360,30,1,634,3
100,"自律型魔导浮游炮",0,"",0,0,1,0,0,1016,100,10,0,0,0,2,0,8,0,False,False,False,False,False,0,True,True,4516,11005,True,0,30,455,1,30,20,1,612,2
101,"暗淡之云",0,"",0,0,1,0,0,1017,80,10,0,0,0,1,2,8,232,False,True,False,True,False,0,False,True,4517,2101,True,0,30,540,4,30,20,2,612,2
102,"淘气南加",0,"",0,0,1,0,0,808,100,30,0,0,0,2,0,8,60,True,False,True,False,False,0,False,True,4490,1041,True,0,15,415,11,360,20,1,617,2
103,"熊猫宝宝",0,"",0,0,1,0,0,816,100,20,0,0,0,1,0,8,241,False,True,True,False,False,0,False,True,4491,3004,True,0,15,450,35,360,30,1,634,1
104,"迷你奥尔特罗斯",0,"",0,0,1,0,0,799,100,30,0,0,0,1,11,8,237,False,True,True,True,False,0,False,True,4504,9503,True,0,20,395,18,360,30,1,624,2
105,"雪孩子",0,"",0,0,1,0,0,803,100,20,0,0,0,1,0,8,220,False,True,False,True,False,0,False,True,4505,11507,True,0,15,420,44,0,30,1,620,3
106,"胖儿陆行鸟",0,"",0,0,1,0,0,800,100,1,0,0,0,1,0,8,0,False,False,False,False,True,0,False,True,4506,7,True,90,15,360,42,0,20,1,620,1
107,"迷你伊达",0,"",0,0,1,0,0,878,100,10,0,0,0,1,0,8,262,False,True,False,True,False,0,False,True,4501,9004,True,0,25,460,1,30,20,1,606,3
108,"迷你帕帕力莫",0,"",0,0,1,0,0,879,100,10,0,0,0,1,0,8,262,False,True,False,True,False,0,False,True,4502,9005,True,0,20,420,20,120,20,1,633,3
109,"迷你于里昂热",0,"",0,0,1,0,0,880,100,10,0,0,0,1,0,8,262,False,True,False,True,False,0,False,True,4503,9006,True,0,20,435,1,120,20,1,616,3
110,"猫小胖",0,"",0,0,1,0,0,802,100,10,0,0,0,1,0,8,61,True,False,False,False,True,0,False,True,4507,3005,True,0,10,380,12,360,20,2,626,1
111,"小脚雪人",0,"",0,0,1,0,0,801,100,10,0,0,0,2,0,8,62,True,False,True,False,True,0,False,True,4508,1042,True,0,15,410,1,30,20,1,611,2
112,"小木乃伊",0,"",0,0,1,0,0,798,100,5,10,0,0,2,0,8,63,True,False,False,True,False,0,False,True,4509,1043,True,0,15,475,23,30,20,2,613,2
113,"企业号模型",0,"",0,0,1,0,0,887,100,10,0,0,0,1,0,8,0,False,False,False,False,False,0,False,True,4497,11002,True,0,20,460,1,120,20,2,629,4
114,"邮差莫古力娃娃",0,"",0,0,1,0,0,809,100,5,10,0,0,1,4,8,233,False,True,False,False,False,0,False,True,4498,11,True,0,20,370,14,120,20,1,614,3
115,"暗斗鱼苗",0,"",0,0,1,0,0,807,100,10,5,0,0,2,5,8,64,True,False,False,True,True,0,False,True,4510,4002,True,0,10,425,2,30,20,2,603,1
116,"祝福礼盒",0,"",0,0,1,0,0,805,100,10,10,0,0,2,0,8,65,True,False,False,True,False,0,False,True,4513,11508,True,0,30,530,37,0,20,2,620,1
117,"河童童",0,"",0,0,1,0,0,886,60,10,0,0,0,2,0,8,66,True,False,False,False,True,0,False,True,4511,12901,True,0,20,430,13,120,20,1,605,1
118,"迷你路易索瓦",0,"",0,0,1,0,0,881,100,10,0,0,0,1,0,8,267,False,True,False,True,False,78,False,True,4512,9007,True,0,15,410,27,360,30,2,615,3
119,"尘世幻龙",0,"",0,0,1,0,0,883,100,10,0,0,0,2,2,8,0,False,False,False,False,True,0,False,True,4518,9504,True,0,25,435,33,0,20,1,620,1
120,"",0,"",0,0,0,0,0,0,0,0,0,0,0,0,0,0,0,False,False,False,False,False,0,False,False,0,0,False,0,0,0,0,0,0,0,0,0
121,"喜鹊儿",0,"",0,0,1,0,0,1337,80,30,0,0,0,2,0,8,10,True,False,True,False,True,0,False,True,4556,5002,True,0,15,310,10,0,20,1,620,1
122,"恩奇都",0,"",0,0,1,0,0,888,100,10,0,0,0,2,0,8,68,True,False,False,False,False,0,False,True,4521,9502,True,0,20,480,28,120,20,1,605,1
123,"紫妖精娃娃",0,"",0,0,1,0,0,901,100,30,0,0,0,1,0,8,208,False,True,False,True,False,0,False,True,4493,7002,True,0,15,480,22,360,20,1,632,3
124,"开创者人偶",0,"",0,0,1,0,0,902,100,30,0,0,0,1,0,8,213,False,True,False,True,False,0,False,True,4492,7003,True,0,15,440,10,0,20,1,620,3
125,"小小迪兹尔",0,"",0,0,1,0,0,903,100,30,0,30,0,1,0,8,214,False,True,False,True,False,0,False,True,4494,7004,True,0,15,460,31,0,30,1,620,3
126,"地灵2号娃娃",0,"",0,0,1,0,0,582,100,30,0,0,0,1,0,8,215,False,True,False,True,False,0,False,True,4495,7006,True,0,10,440,5,360,30,1,600,3
127,"迷你海魔",0,"",0,0,1,0,0,583,100,30,0,0,0,1,0,8,216,False,True,False,True,False,0,False,True,4496,7007,True,0,25,500,9,0,20,1,620,3
128,"黑巧儿信差",0,"",0,0,1,0,0,990,100,10,0,0,0,2,0,8,3,True,False,True,False,True,0,False,True,4524,5,True,0,20,405,35,360,30,1,634,1
129,"迷你凯因",0,"",0,0,1,0,0,989,80,10,0,0,0,1,0,8,242,False,True,False,True,False,0,True,True,4525,12041,True,0,30,440,46,0,20,1,620,3
130,"迷你阿尔菲诺",0,"",0,0,1,0,0,884,100,10,0,0,0,1,0,8,262,False,True,False,True,False,0,False,True,4519,9008,True,0,10,420,4,120,20,1,633,3
131,"迷你阿莉塞",0,"",0,0,1,0,0,885,100,10,0,0,0,1,0,8,262,False,True,False,True,False,0,False,True,4520,9009,True,0,15,460,1,120,20,2,616,3
132,"迷你塔塔露",0,"",0,0,1,0,0,892,100,5,5,0,0,1,0,8,262,False,True,False,True,False,0,False,True,4526,9010,True,0,10,440,12,360,20,2,626,3
133,"迷你西德",0,"",0,0,1,0,0,891,100,10,5,0,0,1,0,8,263,False,True,False,True,False,0,False,True,4527,9011,True,0,30,500,35,360,20,2,634,3
134,"独角幼兽",0,"",0,0,1,0,0,890,100,10,0,0,0,2,0,8,43,True,False,True,False,True,0,False,True,4528,3006,True,0,10,415,18,360,30,1,624,1
135,"衮杜玩偶",0,"",0,0,1,0,0,889,100,10,0,0,0,1,0,8,87,False,True,True,False,False,0,False,True,4557,7010,True,0,10,420,9,0,20,1,620,3
136,"小小阿托莫斯",0,"",0,0,1,0,0,894,100,10,0,0,0,2,0,8,69,True,False,False,False,False,0,False,True,4529,1044,True,0,25,460,22,360,20,1,632,2
137,"猫头小鹰",0,"",0,0,1,0,0,893,100,0,0,0,0,2,2,8,70,True,False,False,False,True,0,False,True,4530,5003,True,0,25,540,43,0,20,1,620,1
138,"丑小鸭",0,"",0,0,1,0,0,899,90,20,0,0,0,2,0,8,71,True,False,True,False,True,0,False,True,4531,5004,True,0,20,480,1,30,20,1,601,1
139,"风筝小猫",0,"",0,0,1,0,0,988,100,10,5,0,0,2,2,8,72,True,False,False,False,True,0,False,True,4532,1045,True,0,15,490,6,30,30,2,606,1
140,"发条推车",0,"",0,0,1,0,0,896,100,10,0,0,0,1,0,8,0,False,False,False,False,False,0,False,True,4533,11506,True,0,10,395,12,360,20,1,626,4
141,"小熊猫",0,"",0,0,1,0,0,895,70,10,0,0,0,2,1,8,73,True,False,False,False,True,0,False,True,4534,3007,True,0,25,405,34,0,30,1,620,1
142,"63页",0,"",0,0,1,0,0,900,100,10,0,0,0,2,0,8,74,True,False,False,False,False,0,False,True,4535,1046,True,0,10,415,1,120,20,1,605,2
143,"铁小人",0,"",0,0,1,0,0,898,100,10,0,0,0,1,0,8,243,False,True,False,True,False,0,False,True,4536,1047,True,0,10,360,9,0,20,1,620,2
144,"狮鹫宝宝",0,"",0,0,1,0,0,897,90,10,5,0,0,2,0,8,75,True,False,False,False,True,0,False,True,4537,1048,True,0,15,310,22,360,20,2,632,2
145,"迷你冰之巫女",0,"",0,0,1,0,0,1165,100,5,10,0,0,1,0,8,269,False,True,False,True,False,0,False,True,4538,9020,True,0,25,400,19,30,30,2,611,3
146,"格斯塔拉",0,"",0,0,1,0,0,1166,100,1,10,0,0,2,0,8,76,True,False,True,False,True,0,True,True,4539,3008,True,0,10,320,21,0,20,1,620,1
147,"7号蒸汽小战车",0,"",0,0,1,0,0,1164,100,10,0,0,0,2,0,8,0,False,False,False,False,False,0,False,True,4540,2004,True,0,15,330,32,0,30,1,620,4
148,"皇家贝希摩斯宝宝",0,"",0,0,1,0,0,1162,100,10,0,0,0,2,0,8,5,True,False,True,False,True,0,False,True,4541,1002,True,90,15,400,9,0,20,1,620,2
149,"追踪系统",0,"",0,0,1,0,0,1163,100,3,8,0,0,2,0,8,77,True,False,False,True,False,0,False,True,4542,11006,True,0,30,630,6,360,30,1,600,4
150,"迷你夕雾",0,"",0,0,1,0,0,1167,100,10,0,0,0,1,0,8,271,False,True,False,True,False,0,False,True,4543,9021,True,0,15,335,11,360,20,1,617,3
151,"橄榄宝石兽",0,"",0,0,1,0,0,1168,80,10,0,0,0,1,0,8,245,False,True,False,True,False,0,False,True,4544,10010,True,0,20,430,38,120,20,1,609,1
152,"金绿宝石兽",0,"",0,0,1,0,0,1068,80,10,0,0,0,1,0,8,245,False,True,False,True,False,0,False,True,4545,10011,True,0,15,610,10,0,20,1,620,1
153,"",0,"",0,0,0,0,0,0,0,0,0,0,0,0,0,0,0,False,False,False,False,False,0,False,False,0,0,False,0,0,0,0,0,0,0,0,0
154,"淘金热",0,"",0,0,1,0,0,1212,100,10,0,0,0,1,0,8,0,False,False,False,False,False,0,False,True,4547,11505,True,0,15,445,39,0,20,1,620,4
155,"萌神乐团",0,"",0,0,1,0,0,991,50,30,0,0,0,1,4,8,233,False,True,False,False,False,0,False,True,4523,12,True,0,15,460,11,360,20,1,617,3
156,"骨颌玩偶",0,"",0,0,1,0,0,1169,100,10,0,0,0,1,0,8,277,False,True,False,True,False,0,False,True,4570,7009,True,0,20,480,12,360,20,1,626,3
157,"猴面雀儿",0,"",0,0,1,0,0,1170,100,10,0,0,0,2,0,8,273,True,False,False,True,False,0,False,True,4558,1049,True,0,25,620,46,0,20,1,620,2
158,"青蓝小手",0,"",0,0,1,0,0,1171,90,10,0,0,0,1,0,8,207,False,True,False,True,False,0,False,True,4559,7001,True,0,10,390,18,360,30,1,624,3
159,"南瓜管家",0,"",0,0,1,0,0,1172,100,10,0,0,0,2,0,8,42,True,False,True,False,True,0,False,True,4548,1025,True,0,15,420,13,30,20,1,613,1
160,"小小艾奇德娜",0,"",0,0,1,0,0,1322,100,10,0,0,0,1,0,8,275,False,True,False,True,False,0,False,True,4560,2102,True,0,20,410,45,0,60,1,620,2
161,"迷你瑞姆",0,"",0,0,1,0,0,1176,100,10,0,0,0,1,0,8,276,False,True,False,True,False,0,False,True,4561,12061,True,0,10,415,10,0,20,1,620,3
162,"猎鹰",0,"",0,0,1,0,0,1173,100,10,0,0,0,2,2,8,78,True,False,False,False,False,0,False,True,4562,5005,True,0,20,520,13,30,20,1,604,1
163,"浅瞳",0,"",0,0,1,0,0,1174,100,10,0,0,0,2,1,8,79,True,False,False,False,False,0,False,True,4563,1050,True,0,15,420,19,30,30,1,613,2
164,"企鹅王子",0,"",0,0,1,0,0,1175,100,10,0,0,0,2,0,8,80,True,False,False,False,False,0,False,True,4564,5006,True,130,10,415,36,360,30,1,634,1
165,"发条双塔尼亚",0,"",0,0,1,0,0,1319,100,10,0,0,0,1,0,8,81,False,True,False,True,False,0,False,True,4565,2001,True,0,25,380,12,360,20,1,618,2
166,"叶小妖妖",0,"",0,0,1,0,0,1320,100,10,0,0,0,2,0,8,82,True,False,False,False,False,0,False,True,4566,1051,True,0,15,440,20,120,20,1,605,1
167,"迷你弗利奥尼尔",0,"",0,0,1,0,0,1321,100,10,0,0,0,1,0,8,239,False,True,False,True,False,0,False,True,4549,12021,True,0,25,600,4,120,20,1,605,3
168,"伊弗利特之形",0,"",0,0,1,0,0,1318,100,10,0,0,0,1,0,8,83,False,True,False,False,False,0,False,True,4567,8001,True,0,20,380,1,120,20,1,610,2
169,"迦楼罗之形",0,"",0,0,1,0,0,1330,90,10,0,0,0,1,2,8,83,False,True,False,True,False,0,False,True,4572,8002,True,0,20,495,26,360,20,1,619,2
170,"泰坦之形",0,"",0,0,1,0,0,1331,100,10,0,0,0,1,0,8,83,False,True,False,True,False,0,False,True,4573,8003,True,0,15,380,19,30,30,1,613,2
171,"利维亚桑之形",0,"",0,0,1,0,0,1332,100,10,0,0,0,1,0,8,83,False,True,False,True,False,0,False,True,4574,8004,True,0,30,455,32,0,40,1,620,2
172,"尊杜玩偶",0,"",0,0,1,0,0,1423,100,10,0,0,0,1,0,8,87,False,True,False,True,False,0,False,True,4569,7010,True,0,25,630,11,360,20,1,617,3
173,"迷你奥尔什方",0,"",0,0,1,0,0,1334,100,10,2,0,0,1,0,8,272,False,True,False,True,False,0,False,True,4568,9022,True,0,30,530,10,0,20,1,620,3
174,"迷你尼禄",0,"",0,0,1,0,0,1335,100,10,0,0,0,1,0,8,278,False,True,False,True,False,0,False,True,4575,9023,True,0,20,420,49,0,30,1,620,3
175,"自由脑玩偶",0,"",0,0,1,0,0,1343,100,10,0,0,0,1,0,8,277,False,True,False,True,False,0,False,True,4571,7008,True,0,15,430,17,0,20,1,620,3
176,"迷你浮士德",0,"",0,0,1,0,0,1458,100,10,0,0,0,1,0,8,236,False,True,False,True,False,0,False,True,4576,2003,True,0,30,390,1,30,60,1,604,2
177,"新型迷你雅·修特拉",0,"",0,0,1,0,0,1333,100,10,0,0,0,1,0,8,262,False,True,False,True,False,0,False,True,4596,9001,True,0,25,480,22,360,20,1,632,3
178,"卡尔克",0,"",0,0,1,0,0,1461,100,0,10,0,0,1,4,8,270,False,True,False,True,False,0,False,True,4577,1052,True,0,10,370,51,360,20,2,618,2
179,"布莉娜",0,"",0,0,1,0,0,1462,100,0,10,0,0,1,4,8,270,False,True,False,True,False,0,False,True,4578,1053,True,0,15,410,50,360,20,2,617,2
180,"蓝闪蝶",0,"",0,0,1,0,0,1459,80,20,0,0,0,2,3,8,304,False,False,False,False,False,0,False,True,4579,1054,True,0,20,470,20,120,30,1,602,1
181,"波罗·罗格",0,"",0,0,1,0,0,1466,100,10,0,0,0,2,0,8,305,True,False,True,False,True,0,False,True,4580,1055,True,0,20,420,38,30,20,1,640,1
182,"迷你吉尔伯特",0,"",0,0,1,0,0,1484,100,10,0,0,0,1,0,8,306,False,True,False,True,False,0,False,True,4581,12042,True,0,15,400,12,360,20,1,619,3
183,"芬里尔幼崽",0,"",0,0,1,0,0,1467,100,10,0,0,0,2,0,8,307,True,False,True,False,True,0,False,True,4582,1056,True,0,15,380,11,360,20,1,617,2
184,"幼龙玩偶",0,"",0,0,1,0,0,1463,100,10,0,0,0,1,2,8,308,False,True,False,True,True,0,False,True,4597,7011,True,0,30,510,1,30,20,1,601,1
185,"拉姆之形",0,"",0,0,1,0,0,1544,90,10,0,0,0,1,0,8,83,False,True,False,True,False,0,False,True,4598,8005,True,0,25,515,1,30,30,1,603,2
186,"希瓦之形",0,"",0,0,1,0,0,1545,90,10,0,0,0,1,0,8,83,False,True,False,True,False,0,False,True,4599,8006,True,0,10,420,19,30,30,1,611,2
187,"波奇",0,"",0,0,1,0,0,1465,100,2,0,0,30,2,0,8,311,True,False,False,True,True,0,False,True,4600,12902,True,0,10,375,29,360,20,1,623,1
188,"魔法水桶",0,"",0,0,1,0,0,1464,100,5,1,0,0,1,0,8,0,False,False,False,True,False,0,False,True,4601,11509,True,0,15,530,18,360,30,1,624,4
189,"触手",0,"",0,0,1,0,0,1469,100,10,0,0,0,2,0,8,313,True,False,False,True,False,0,False,True,4602,1057,True,0,25,480,38,30,20,1,640,2
190,"腕龙玩偶",0,"",0,0,1,0,0,1470,100,10,0,0,0,1,0,8,314,False,True,False,True,False,0,False,True,4603,1058,True,0,30,490,23,30,20,1,613,3
191,"拉拉队小姑娘",0,"",0,0,1,0,0,1468,100,0,10,0,0,2,6,8,315,False,True,False,True,False,0,True,True,4604,10013,True,0,15,440,11,360,20,1,617,3
192,"迷你可露儿",0,"",0,0,1,0,0,1336,100,10,0,0,0,1,0,8,262,False,True,False,True,False,0,False,True,4605,9012,True,0,10,390,12,360,20,1,626,3
193,"迷你艾默里克",0,"",0,0,1,0,0,1547,100,10,0,0,0,1,0,8,317,False,True,False,True,False,0,False,True,4606,9024,True,0,30,465,34,0,30,1,620,3
194,"天马幼兽",0,"",0,0,1,0,0,1650,100,10,0,0,0,2,0,8,318,True,False,True,False,True,0,False,True,4613,1059,True,0,25,500,18,360,30,1,624,1
195,"卡洛菲斯提莉玩偶",0,"",0,0,1,0,0,1546,100,10,0,0,0,1,0,8,319,False,True,True,False,False,0,False,True,4607,2103,True,0,25,440,10,0,20,1,620,2
196,"大脚小猿",0,"",0,0,1,0,0,1386,100,10,0,0,0,1,0,8,320,False,True,False,True,False,0,False,True,4608,1060,True,0,15,420,37,0,20,1,620,2
197,"小矮兔",0,"",0,0,1,0,0,1387,100,10,0,0,0,2,0,8,321,True,False,True,False,True,0,False,True,4609,3009,True,0,20,450,36,360,30,1,634,1
198,"百目",0,"",0,0,1,0,0,1385,100,10,0,0,0,2,0,8,322,True,False,True,False,True,0,False,True,4610,1061,True,0,10,450,19,120,30,1,608,2
199,"道士莫古力娃娃",0,"",0,0,1,0,0,1548,100,10,0,0,0,1,4,8,233,False,True,False,True,False,0,False,True,4611,13,False,0,10,410,38,120,20,1,614,3
200,"地缚猫",0,"",0,0,1,0,0,1390,100,10,0,0,0,2,0,8,324,True,False,True,False,True,0,False,True,4584,13003,False,0,25,620,1,30,20,1,606,2
201,"小狛",0,"",0,0,1,0,0,1391,100,10,0,0,0,2,0,8,324,True,False,True,False,True,0,False,True,4586,13004,False,0,20,520,35,360,20,1,634,2
202,"维斯帕",0,"",0,0,1,0,0,1392,100,10,0,0,0,2,0,8,324,True,False,False,True,False,0,False,True,4592,13005,False,0,15,420,14,30,20,1,621,2
203,"吹雪公主",0,"",0,0,1,0,0,1393,100,10,0,0,0,2,0,8,324,True,False,True,False,True,0,False,True,4594,13006,False,90,10,360,11,360,30,1,617,2
204,"九尾",0,"",0,0,1,0,0,1394,100,10,0,0,0,2,0,8,324,True,False,True,False,True,0,False,True,4591,13007,False,0,25,630,1,120,20,1,610,2
205,"狛次郎",0,"",0,0,1,0,0,1395,100,10,0,0,0,2,0,8,324,True,False,True,False,True,0,False,True,4587,13008,False,0,15,510,20,120,20,1,633,2
206,"人面犬",0,"",0,0,1,0,0,1396,100,10,0,0,0,2,0,8,324,True,False,False,True,True,0,False,True,4595,13009,False,0,15,530,1,120,20,1,627,2
207,"野槌蛇",0,"",0,0,1,0,0,1397,100,10,0,0,0,2,0,8,324,True,False,True,False,True,0,False,True,4588,13010,False,0,20,650,27,360,30,1,615,2
208,"大蛇",0,"",0,0,1,0,0,1398,100,10,0,0,0,2,0,8,324,True,False,True,False,True,0,False,True,4590,13011,False,0,30,630,1,120,20,1,605,2
209,"武士猫",0,"",0,0,1,0,0,1399,100,10,0,0,0,2,0,8,324,True,False,False,True,True,0,False,True,4583,13012,False,0,20,650,4,30,20,1,604,2
210,"浮游猫",0,"",0,0,1,0,0,1400,100,10,0,0,0,2,0,8,324,True,False,True,False,True,0,False,True,4585,13013,False,0,10,365,1,30,30,1,606,2
211,"机器猫F型",0,"",0,0,1,0,0,1401,100,10,0,0,0,2,0,8,324,True,False,True,False,True,0,False,True,4593,13014,False,0,10,400,5,360,30,1,600,2
212,"USA蹦",0,"",0,0,1,0,0,1402,100,10,0,0,0,2,0,8,324,True,False,False,True,True,0,False,True,4589,13015,False,0,15,550,1,30,20,1,612,2
213,"",0,"",0,0,0,0,0,0,0,0,0,0,0,0,0,0,0,False,False,False,False,False,0,False,False,0,0,False,0,0,0,0,0,0,0,0,0
214,"迷你命名威",0,"",0,0,1,0,0,1614,100,0,10,0,0,2,0,8,325,True,False,False,False,True,0,False,True,4614,12043,True,0,20,450,29,360,20,1,623,3
215,"迷你亚历山大",0,"",0,0,1,0,0,1618,100,10,0,0,0,2,0,8,326,False,False,False,False,False,0,False,True,4615,2006,True,0,25,600,12,360,20,1,626,2
216,"疣猪小子",0,"",0,0,1,0,0,1615,100,10,0,0,0,2,0,8,327,True,False,False,False,True,0,False,True,4616,1062,True,0,30,450,11,360,20,1,617,1
217,"新型迷你桑克瑞德",0,"",0,0,1,0,0,1616,100,10,0,0,0,1,0,8,262,False,True,False,True,False,0,False,True,4617,9003,True,0,15,420,19,120,30,1,608,3
218,"新型迷你阿莉塞",0,"",0,0,1,0,0,1617,100,10,0,0,0,1,0,8,262,False,True,False,True,False,0,False,True,4618,9009,True,0,10,390,9,0,20,1,620,3
219,"迷你艾达",0,"",0,0,1,0,0,1626,100,10,0,0,0,1,0,8,330,False,True,False,False,False,0,False,True,4619,9025,True,0,25,420,14,30,20,1,604,2
220,"迷你尤娜",0,"",0,0,1,0,0,1611,100,10,0,0,0,1,0,8,331,False,True,False,True,False,0,False,True,4620,12101,True,0,30,500,27,360,30,1,615,3
221,"迷你琉克",0,"",0,0,1,0,0,1612,100,10,0,0,0,1,0,8,331,False,True,False,True,False,0,False,True,4621,12102,True,0,15,420,35,360,25,1,634,3
222,"迷你露露",0,"",0,0,1,0,0,1613,100,10,0,0,0,1,0,8,331,False,True,False,True,False,0,False,True,4622,12103,True,0,20,430,1,120,20,1,616,3
223,"",0,"",0,0,0,0,0,0,0,0,0,0,0,0,0,0,0,False,False,False,False,False,0,False,False,0,0,False,0,0,0,0,0,0,0,0,0
224,"迷你穆恩布瑞达",0,"",0,0,1,0,0,1651,100,10,0,0,0,1,0,8,262,False,True,False,True,False,0,False,True,4624,9013,True,0,10,400,32,0,30,1,620,3
225,"大陆小眼",0,"",0,0,1,0,0,1769,100,30,0,0,0,2,0,8,30,True,False,False,True,True,0,False,True,4625,1024,True,0,15,430,28,120,20,1,605,2
226,"斗牛小犬",0,"",0,0,1,0,0,1690,100,30,0,0,0,2,0,8,88,True,False,True,False,True,0,False,True,4626,1063,True,0,10,420,22,360,20,1,632,1
227,"复活小天使",0,"",0,0,1,0,0,1691,100,30,0,0,0,1,0,8,335,False,True,True,False,False,0,False,True,4627,10014,True,0,15,450,39,0,20,1,620,3
228,"迷你埃斯蒂尼安",0,"",0,0,1,0,0,1693,100,30,0,0,0,1,0,8,336,False,True,False,True,False,233,True,True,4628,9026,True,0,10,380,40,0,30,1,631,3
229,"迷你赫拉斯瓦尔格",0,"",0,0,1,0,0,1694,100,30,0,0,0,1,0,8,269,False,True,True,False,False,0,False,True,4629,9505,True,0,25,500,29,360,20,1,623,2
230,"吉吉",0,"",0,0,1,0,0,1695,100,30,0,0,0,1,0,8,268,False,True,False,True,False,0,False,True,4630,10005,True,0,20,445,31,0,30,1,620,3
231,"人造元灵",0,"",0,0,1,0,0,1697,100,30,0,0,0,2,0,8,338,True,False,True,False,True,0,False,True,4631,10015,True,0,25,480,11,360,20,1,618,3
232,"迷你斯卡哈",0,"",0,0,1,0,0,1782,100,30,0,0,0,1,0,8,339,False,True,False,True,False,0,False,True,4632,2104,True,0,10,420,38,120,20,2,609,2
233,"迷你尼德霍格",0,"",0,0,1,0,0,1783,100,30,0,0,0,1,0,8,340,False,True,False,True,False,228,False,True,4633,9506,True,0,30,450,1,120,20,1,616,2
234,"地狱小犬",0,"",0,0,1,0,0,1791,100,30,0,0,0,2,0,8,89,True,False,True,False,True,0,False,True,4634,1064,True,0,15,420,43,0,20,1,620,1
235,"迷你奥尔·迪",0,"",0,0,1,0,0,1856,100,10,0,0,0,1,2,8,308,False,True,False,True,True,0,False,True,4636,7012,True,0,20,450,35,360,30,1,634,1
236,"发条月亮",0,"",0,0,1,0,0,1855,100,0,0,0,0,3,8,8,0,False,False,False,False,False,0,False,True,4637,11502,True,0,30,500,11,360,20,1,617,4
237,"巧儿海陆行鸟",0,"",0,0,1,0,0,1696,100,30,0,0,0,2,0,8,3,True,False,True,False,True,0,False,True,4638,9,True,0,25,580,4,30,20,1,604,1
238,"迷你巴兹",0,"",0,0,1,0,0,1692,100,30,0,0,0,2,0,8,279,False,True,False,True,False,0,False,True,4639,12051,True,0,30,450,5,360,30,2,619,3
239,"迷你赤魔法师",0,"",0,0,1,0,0,1698,100,30,0,0,0,1,0,8,223,False,True,False,True,False,0,False,True,4640,12011,True,0,20,445,18,360,30,1,624,3
240,"妖精小犬",0,"",0,0,1,0,0,1859,100,30,0,0,0,2,0,8,89,True,False,True,False,True,0,False,True,4635,1065,True,0,20,440,34,0,30,1,620,1
241,"獭獭",0,"",0,0,1,0,0,1786,100,30,0,0,0,2,0,8,280,True,False,True,False,True,0,False,True,4641,4003,True,0,20,500,23,120,30,1,631,1
242,"小妖狐",0,"",0,0,1,0,0,1784,100,10,0,0,0,2,0,8,281,True,False,True,False,True,0,False,True,4642,3010,True,0,25,500,27,360,30,2,615,1
243,"虎斑次郎",0,"",0,0,1,0,0,1785,100,10,0,0,0,2,0,8,13,True,False,True,False,True,0,False,True,4643,3011,True,90,20,440,19,120,30,1,608,1
244,"龙之孙",0,"",0,0,1,0,0,1787,100,10,0,0,0,2,0,8,282,True,False,True,False,True,0,False,True,4644,1066,True,0,10,300,49,0,30,1,620,1
245,"刺球球",0,"",0,0,1,0,0,1790,100,10,0,0,0,2,0,8,284,True,False,True,False,False,0,False,True,4645,1067,True,90,10,470,12,360,20,1,626,2
246,"分福",0,"",0,0,1,0,0,1788,100,10,0,0,0,2,0,8,281,True,False,True,False,True,0,False,True,4646,3012,True,0,20,450,10,0,20,2,620,1
247,"旅雀儿",0,"",0,0,1,0,0,1789,100,10,0,0,0,2,3,8,285,True,False,True,False,True,0,False,True,4647,5007,True,0,10,450,14,30,20,1,607,1
248,"迷你莉瑟",0,"",0,0,1,0,0,1824,100,10,10,0,0,1,0,8,262,False,True,False,True,False,0,False,True,4648,9004,True,0,25,500,1,30,20,1,606,3
249,"新型迷你夕雾",0,"",0,0,1,0,0,1825,100,10,0,0,0,1,0,8,271,False,True,False,True,False,0,False,True,4649,9021,True,0,30,310,20,120,20,1,631,3
250,"迷你豪雪",0,"",0,0,1,0,0,1826,100,10,0,0,0,1,0,8,271,False,True,False,True,False,0,False,True,4650,9027,True,0,15,320,4,30,20,2,604,3
251,"迷你夜露",0,"",0,0,1,0,0,1827,100,10,0,0,0,1,0,8,287,False,True,False,True,False,0,False,True,4651,9028,True,0,10,290,35,360,30,1,634,3
252,"迷你格林瓦特",0,"",0,0,1,0,0,1828,100,10,10,0,0,1,0,8,289,False,True,False,True,False,0,False,True,4652,9035,True,0,30,590,38,30,20,1,604,2
253,"迷你鲶鱼精",0,"",0,0,1,0,0,1830,100,10,0,0,0,2,0,8,290,False,True,True,False,False,0,False,True,4653,6002,True,0,25,510,28,120,20,1,605,3
254,"伊沃恩玩偶",0,"",0,0,1,0,0,1831,100,10,0,0,0,2,0,8,291,False,True,True,False,False,0,False,True,4654,1068,True,0,20,390,42,0,20,1,620,2
255,"迷你奇美拉",0,"",0,0,1,0,0,1832,100,10,0,0,0,1,0,8,292,False,True,False,True,False,0,False,True,4655,10016,True,0,25,510,26,120,20,1,622,2
256,"迷你食肉者",0,"",0,0,1,0,0,1833,100,10,0,0,0,1,0,8,206,False,True,False,True,False,0,False,True,4656,6001,True,0,25,480,37,0,20,1,620,3
257,"魔导复仇者追踪型",0,"",0,0,1,0,0,1834,100,10,0,0,0,1,0,8,320,False,True,False,True,False,0,False,True,4657,11007,True,0,15,360,15,0,20,1,620,3
258,"吉多",0,"",0,0,1,0,0,1895,100,10,0,0,0,2,0,8,293,True,False,True,False,True,259,False,True,4658,4004,True,0,10,330,43,0,20,1,620,1
259,"迷你艾克斯迪司",0,"",0,0,1,0,0,1896,100,10,0,0,0,1,0,8,294,False,True,False,True,False,258,False,True,4659,2007,True,0,25,440,41,0,20,1,620,2
260,"迷你库洛",0,"",0,0,1,0,0,1897,100,10,0,0,0,1,0,8,295,False,True,False,True,False,0,False,True,4660,9031,True,0,15,520,25,360,20,1,625,3
261,"须佐之男之形",0,"",0,0,1,0,0,1898,100,10,0,0,0,1,0,8,83,False,True,False,True,False,0,False,True,4661,8010,True,0,20,400,38,30,20,1,640,2
262,"吉祥天女之形",0,"",0,0,1,0,0,1899,100,10,0,0,0,1,0,8,83,False,True,False,True,False,0,False,True,4662,8011,True,0,10,320,27,360,30,1,615,2
263,"俾斯麦之形",0,"",0,0,1,0,0,1968,100,10,0,0,0,1,0,8,83,False,True,False,True,False,0,False,True,4663,8008,True,0,15,550,34,0,30,1,620,2
264,"迷你飞燕",0,"",0,0,1,0,0,1978,100,10,0,0,0,1,0,8,271,False,True,False,True,False,0,False,True,4664,9029,True,0,25,520,11,360,30,2,617,3
265,"罗波那之形",0,"",0,0,1,0,0,1979,100,10,0,0,0,1,0,8,83,False,True,False,True,False,0,False,True,4665,8009,True,0,25,550,38,120,30,2,605,2
266,"甲人玩偶",0,"",0,0,1,0,0,1980,100,10,0,0,0,1,0,8,209,False,True,False,True,False,0,False,True,4666,7013,True,0,15,430,27,360,30,1,615,3
267,"豆豆柴",0,"",0,0,1,0,0,1981,100,10,0,0,0,2,0,8,341,True,False,True,False,True,0,False,True,4667,3013,True,0,20,500,4,30,20,1,601,1
268,"天狗玩偶",0,"",0,0,1,0,0,1982,100,10,0,0,0,2,0,8,342,True,False,True,False,True,0,False,True,4668,10017,True,0,15,400,19,120,30,1,616,1
269,"象魔人偶",0,"",0,0,1,0,0,1983,100,10,0,0,0,2,0,8,343,True,False,True,False,True,0,False,True,4669,1069,True,0,25,600,1,30,20,1,606,2
270,"迷你拉姆萨",0,"",0,0,1,0,0,2046,100,10,0,0,0,1,0,8,345,False,True,False,True,False,0,False,True,4670,12501,True,0,30,620,21,0,30,2,620,3
271,"小树袋熊",0,"",0,0,1,0,0,2066,100,10,0,0,0,2,9,8,346,True,False,True,False,True,0,False,True,4671,3014,True,0,25,600,29,360,20,1,623,1
272,"椒盐海豹",0,"",0,0,1,0,0,2067,100,10,0,0,0,2,0,8,347,True,False,True,False,True,0,False,True,4672,4005,True,0,20,480,26,30,30,1,621,1
273,"六角小螈螈",0,"",0,0,1,0,0,2068,100,10,0,0,0,2,0,8,348,True,False,True,False,True,0,False,True,4673,4006,True,0,10,300,42,0,30,1,620,1
274,"伊克西翁玩偶",0,"",0,0,1,0,0,2069,100,10,0,0,0,1,0,8,349,False,True,False,True,False,0,False,True,4674,1070,True,0,30,560,20,360,40,1,637,2
275,"神龙玩偶",0,"",0,0,1,0,0,2124,100,10,0,0,0,1,10,8,350,False,True,False,False,False,305,False,True,4675,8012,True,0,30,480,45,0,60,2,620,2
276,"新型迷你劳班",0,"",0,0,1,0,0,2120,100,10,0,0,0,1,0,8,224,False,True,False,True,False,0,False,True,4676,9018,True,0,20,400,38,30,20,2,604,3
277,"阿难陀玩偶",0,"",0,0,1,0,0,2232,100,10,0,0,0,1,0,8,351,False,True,True,False,False,0,False,True,4677,7014,True,0,20,450,27,360,60,1,615,3
278,"迷你莫艾石像",0,"",0,0,1,0,0,2140,100,10,0,0,0,1,0,8,352,False,True,False,True,True,0,False,True,4678,11510,True,0,20,450,12,360,20,1,626,4
279,"白鼬",0,"",0,0,1,0,0,2141,100,10,0,0,0,2,1,8,353,True,False,False,True,False,0,False,True,4679,3015,True,0,15,440,1,120,20,1,605,1
280,"小丑预言蛋",0,"",0,0,1,0,0,2142,100,10,0,0,0,1,0,8,354,False,True,False,True,False,0,False,True,4680,10018,True,0,10,350,29,360,20,2,623,3
281,"迷你凯夫卡",0,"",0,0,1,0,0,2143,100,10,0,0,0,1,0,8,355,False,True,False,True,False,0,False,True,4681,2008,True,0,30,600,43,0,20,2,620,2
282,"迷你玛格奈",0,"",0,0,1,0,0,2144,100,0,10,0,0,1,11,8,356,False,True,False,True,False,294,False,True,4682,9033,True,0,30,650,31,0,50,2,620,3
283,"舞海月",0,"",0,0,1,0,0,2155,100,10,0,0,0,2,0,8,357,True,False,False,True,False,0,False,True,4683,4007,True,0,15,510,20,120,20,1,633,1
284,"白小虎",0,"",0,0,1,0,0,2156,100,5,10,0,0,2,0,8,367,False,True,True,False,False,0,False,True,4684,8201,True,0,20,500,38,120,20,2,609,2
285,"迷你法夫纳",0,"",0,0,1,0,0,2157,100,10,0,0,0,1,0,8,358,False,True,False,True,False,0,False,True,4685,1071,True,0,10,300,38,30,20,1,606,2
286,"米斯拉人偶",0,"",0,0,1,0,0,2168,100,10,0,0,0,1,0,8,358,False,True,True,False,False,0,False,True,4686,10019,True,0,20,480,11,360,30,2,617,3
287,"常风王子",0,"",0,0,1,0,0,2169,100,10,0,0,0,2,0,8,358,True,False,True,False,False,0,False,True,4687,1072,True,0,10,430,4,30,20,1,601,2
288,"狛犬",0,"",0,0,1,0,0,2170,100,5,5,0,0,1,0,8,359,False,True,False,True,True,288,False,True,4688,3016,True,0,20,460,37,0,20,1,620,3
289,"金鲶",0,"",0,0,1,0,0,2221,100,10,0,0,0,2,0,8,290,False,True,True,False,False,0,False,True,4689,6002,True,0,30,560,25,360,20,1,625,3
290,"齐天小圣",0,"",0,0,1,0,0,2238,100,10,0,0,0,2,0,8,360,False,False,True,False,True,0,False,True,4701,1074,True,0,30,620,1,30,20,1,604,2
291,"发条提灯",0,"",0,0,1,0,0,2239,100,10,0,0,0,1,0,8,0,False,False,False,False,False,0,False,True,4700,11511,True,0,25,650,35,360,30,2,634,4
292,"伞蜥",0,"",0,0,1,0,0,2240,100,10,0,0,0,2,0,8,362,True,False,True,False,True,0,False,True,4695,3017,True,0,10,400,18,360,30,1,624,1
293,"迷你其日娜",0,"",0,0,1,0,0,2241,100,10,0,0,0,1,0,8,363,False,True,False,True,False,0,False,True,4697,9032,True,0,10,410,43,0,20,1,620,3
294,"迷你纱都",0,"",0,0,1,0,0,2242,100,10,0,0,0,1,0,8,364,False,True,False,True,False,282,False,True,4696,9034,True,0,30,500,5,360,30,2,600,3
295,"凯西幼苗",0,"",0,0,1,0,0,2243,100,10,0,0,0,2,0,8,358,True,False,True,False,False,0,False,True,4690,1073,True,0,15,450,19,30,30,1,621,2
296,"塔鲁塔鲁人偶",0,"",0,0,1,0,0,2244,100,10,0,0,0,1,0,8,358,False,True,False,True,False,0,False,True,4691,10020,True,0,15,370,25,360,20,1,625,3
297,"月读之形",0,"",0,0,1,0,0,2245,100,10,0,0,0,1,0,8,83,False,True,False,True,False,0,False,True,4699,8013,True,0,20,430,1,120,20,2,616,2
298,"迷你熙洛",0,"",0,0,1,0,0,2246,100,10,0,0,0,1,0,8,295,False,True,False,True,False,0,False,True,4698,9030,True,0,10,410,27,360,30,1,615,3
299,"劳动八号",0,"",0,0,1,0,0,2247,100,10,0,0,0,1,0,8,365,False,True,False,True,False,0,False,True,4702,2105,True,0,25,580,2,30,20,2,603,2
300,"艾露猫",0,"",0,0,1,0,0,2284,70,15,15,0,0,2,0,8,366,True,False,True,False,True,0,False,True,4692,13020,False,0,15,480,11,360,20,1,617,1
301,"噗吱猪",0,"",0,0,1,0,0,2285,80,10,0,0,0,2,0,8,366,True,False,True,False,True,0,False,True,4693,13021,False,0,10,400,37,0,20,2,620,1
302,"祭礼鲶鱼精",0,"",0,0,1,0,0,2310,100,10,0,0,0,2,0,8,290,False,True,True,False,False,0,False,True,4694,6002,True,0,20,430,12,360,20,1,626,3
303,"朱孔雀",0,"",0,0,1,0,0,2327,100,10,0,0,0,2,2,8,367,False,True,True,False,False,0,False,True,4703,8202,True,0,20,450,4,120,60,1,610,2
304,"迷你阿尔法",0,"",0,0,1,0,0,2324,100,10,0,0,0,2,0,8,3,False,True,True,False,False,0,False,True,4704,9507,True,0,25,440,40,0,30,1,631,1
305,"迷你欧米茄",0,"",0,0,1,0,0,2328,100,10,0,0,0,2,0,8,368,False,False,False,True,False,275,False,True,4705,2009,True,0,30,540,6,30,60,1,603,2
306,"迷你古·拉哈",0,"",0,0,1,0,0,2329,100,10,0,0,0,1,0,8,369,False,True,False,True,False,0,False,True,4706,9038,True,0,20,520,46,0,20,1,620,3
307,"阴小幽",0,"",0,0,1,0,0,2325,100,10,0,0,0,2,0,8,370,False,True,False,True,False,0,False,True,4707,10021,True,0,10,410,28,120,20,2,605,2
308,"阳小灵",0,"",0,0,1,0,0,2326,100,10,0,0,0,2,0,8,370,False,True,False,True,False,0,False,True,4708,10022,True,0,25,600,21,0,20,2,620,2
309,"迷你克劳德",0,"",0,0,1,0,0,2330,100,10,0,0,0,1,0,8,371,False,True,False,True,False,0,False,True,4709,12071,True,0,30,490,1,30,60,1,604,3
310,"迷你爱丽丝",0,"",0,0,1,0,0,2331,100,10,0,0,0,1,0,8,371,False,True,True,False,False,0,False,True,4710,12072,True,0,15,430,22,360,20,1,632,3
311,"迷你蒂法",0,"",0,0,1,0,0,2332,100,10,0,0,0,1,0,8,371,False,True,False,True,False,0,False,True,4711,12073,True,0,20,440,38,30,40,1,604,3
312,"泥小点",0,"",0,0,1,0,0,2341,100,10,0,0,0,2,0,8,372,True,False,True,False,True,0,False,True,4712,1075,True,0,15,380,6,360,30,1,600,2
313,"花篮莫古力",0,"",0,0,1,0,0,2344,100,10,0,0,0,1,4,8,233,False,True,True,False,False,0,False,True,4713,14,True,0,10,420,11,360,20,1,617,3
314,"艾尔凡人偶",0,"",0,0,1,0,0,2343,90,10,0,0,0,1,0,8,358,False,True,True,False,False,0,False,True,4714,10020,True,0,20,470,10,0,20,1,620,3
315,"小长颈驼",0,"",0,0,1,0,0,1388,100,10,0,0,0,2,0,8,358,True,False,True,False,True,0,False,True,4715,1073,True,0,10,400,26,120,20,1,622,1
316,"水豚幼崽",0,"",0,0,1,0,0,2342,100,10,0,0,0,2,0,8,373,True,False,False,True,True,0,False,True,4716,3018,True,0,15,500,31,0,30,2,620,1
317,"格雷姆林宝宝",0,"",0,0,1,0,0,2411,71,10,0,0,0,2,0,8,374,True,False,False,True,True,0,False,True,4717,1076,True,0,15,440,13,30,20,1,604,1
318,"有限的美德",0,"",0,0,1,0,0,2418,100,10,0,0,0,2,0,8,358,True,False,False,True,True,0,False,True,4718,1073,True,0,30,490,15,0,40,1,620,2
319,"小雪童子",0,"",0,0,1,0,0,2417,100,10,0,0,0,2,0,8,376,True,False,True,False,False,0,False,True,4719,1077,True,0,10,400,6,360,40,1,600,1
320,"新型迷你塔塔露",0,"",0,0,1,0,0,2413,100,10,0,0,0,1,0,8,262,False,True,True,False,False,0,False,True,4720,9010,True,0,10,440,43,0,20,1,620,3
321,"迷你武装重甲",0,"",0,0,1,0,0,2416,100,10,0,0,0,1,0,8,378,False,True,False,True,False,0,False,True,4721,11007,True,0,20,500,35,360,30,1,634,2
322,"伽黎亚玩偶",0,"",0,0,1,0,0,2139,100,10,0,0,0,1,0,8,351,False,True,True,False,False,0,False,True,4722,7014,True,0,20,450,38,120,30,1,605,3
323,"红甲玩偶",0,"",0,0,1,0,0,2543,100,10,0,0,0,1,0,8,209,False,True,False,True,False,0,False,True,4723,7013,True,0,15,430,4,30,40,1,604,3
324,"玩偶运输机",0,"",0,0,1,0,0,2415,100,10,0,0,0,1,0,8,379,False,True,False,True,False,0,False,True,4724,11007,True,0,25,550,19,30,40,1,621,3
325,"迷你芙兰",0,"",0,0,1,0,0,2412,100,10,0,0,0,1,0,8,380,False,True,True,False,False,0,False,True,4725,9036,True,0,25,470,34,0,30,1,620,3
326,"恩莫族人偶",0,"",0,0,1,0,0,2441,100,10,0,0,0,1,0,8,381,False,True,True,False,False,0,False,True,4726,7015,True,0,15,380,25,360,20,1,625,3
327,"青帝",0,"",0,0,1,0,0,2414,100,10,0,0,0,2,0,8,367,False,True,True,False,False,0,False,True,4727,8203,True,0,20,400,1,120,20,1,605,2
328,"绵绵坐垫",0,"",0,0,1,0,0,2443,100,30,0,0,0,3,12,8,0,False,False,False,False,False,0,False,True,4728,11503,True,80,10,390,40,0,30,1,631,4
329,"南方度假獭獭",0,"",0,0,1,0,0,2444,100,10,0,0,0,2,0,8,280,True,False,True,False,True,0,False,True,4729,4003,True,0,10,370,42,0,30,2,620,1
330,"小刺猬",0,"",0,0,1,0,0,2442,100,10,0,0,0,2,0,8,382,True,False,True,False,True,0,False,True,4730,3019,True,0,20,480,29,360,20,1,623,1
331,"迷你第一世界雅·修特拉",0,"",0,0,1,0,0,2485,100,10,0,0,0,1,0,8,262,False,True,True,False,False,0,False,True,4731,9001,True,0,15,400,1,360,60,1,600,3
332,"迷你琳",0,"",0,0,1,0,0,2486,100,10,0,0,0,1,0,8,262,False,True,True,False,False,0,False,True,4732,9039,True,0,20,430,42,0,20,1,620,3
333,"黑豆柴",0,"",0,0,1,0,0,2483,100,10,0,0,0,2,0,8,341,True,False,True,False,True,0,False,True,4733,3013,True,0,20,500,9,0,20,1,620,1
334,"变色龙",0,"",0,0,1,0,0,2484,100,10,0,0,0,2,0,8,383,True,False,False,True,True,0,False,True,4734,3020,True,0,10,410,32,0,30,1,620,1
335,"水妖人偶",0,"",0,0,1,0,0,2490,100,10,0,0,0,1,0,8,384,False,True,True,False,False,0,False,True,4735,6003,True,0,15,390,36,360,30,1,634,3
336,"小犰狳",0,"",0,0,1,0,0,2492,100,10,0,0,0,2,0,8,385,True,False,False,True,True,0,False,True,4736,1078,True,0,10,350,21,0,20,1,620,1
337,"隆卡的水蛇？",0,"",0,0,1,0,0,2493,100,10,0,0,0,2,0,8,386,True,False,True,False,True,0,False,True,4737,3021,True,0,15,460,17,0,30,1,620,1
338,"迷你巨人掌",0,"",0,0,1,0,0,2491,100,10,0,0,0,2,0,8,27,True,False,False,True,False,0,False,True,4738,1079,True,0,25,565,31,0,40,1,620,2
339,"小小冰海天使",0,"",0,0,1,0,0,2494,100,10,0,0,0,2,0,8,388,True,False,True,False,True,0,False,True,4739,1080,True,0,15,420,33,0,20,1,620,2
340,"小鸭嘴兽",0,"",0,0,1,0,0,2495,100,10,0,0,0,2,0,8,389,True,False,True,False,True,0,False,True,4740,4008,True,0,25,540,20,30,60,1,604,1
341,"迷你伊甸",0,"",0,0,1,0,0,2566,100,10,0,0,0,1,0,8,390,False,True,False,True,False,0,False,True,4741,2010,True,0,30,450,1,30,60,1,603,2
342,"大河狸",0,"",0,0,1,0,0,2564,100,10,5,0,0,2,0,8,391,True,False,True,False,True,0,False,True,4742,6004,True,0,20,460,39,0,20,1,620,1
343,"朱雀机关人偶",0,"",0,0,1,0,0,2565,100,10,0,0,0,1,4,8,387,False,True,True,False,False,0,False,True,4743,8202,True,0,20,480,1,120,30,1,608,2
344,"迷你欧米茄M",0,"",0,0,1,0,0,2567,100,10,0,0,0,1,0,8,368,False,True,False,True,False,345,False,True,4744,2009,True,0,15,440,51,360,20,1,618,2
345,"迷你欧米茄F",0,"",0,0,1,0,0,2568,100,10,0,0,0,1,0,8,368,False,True,False,True,False,344,False,True,4745,2009,True,0,25,400,50,360,20,1,617,2
346,"叮叮摇铃",0,"",0,0,1,0,0,1829,100,10,0,0,0,1,0,8,392,False,True,False,True,False,0,False,True,4746,11512,True,0,15,400,4,120,30,1,608,4
347,"石莲小猬",0,"",0,0,1,0,0,2602,100,10,0,0,0,2,0,8,393,True,False,True,False,True,0,False,True,4747,1081,True,0,15,380,44,0,30,1,620,2
348,"鮣鱼级潜水艇",0,"",0,0,1,0,0,2603,100,10,0,0,0,1,0,8,394,False,True,False,True,False,0,False,True,4748,11007,True,0,15,415,8,30,20,1,621,4
349,"鲸头鹳",0,"",0,0,1,0,0,2604,100,3,0,0,0,1,13,8,395,True,False,False,True,True,0,False,True,4749,5008,True,0,10,430,13,120,20,1,622,1
350,"蝴蝶效应",0,"",0,0,1,0,0,2605,100,10,0,0,0,1,0,8,396,False,False,False,True,False,0,False,True,4750,3022,True,0,10,400,25,360,20,1,625,1
351,"青蛙号A",0,"",0,0,1,0,0,2606,100,10,0,0,0,1,0,8,397,False,True,False,True,False,0,False,True,4751,11008,True,0,20,435,31,0,30,1,620,4
352,"得到宽恕的仇恨",0,"",0,0,1,0,0,2607,100,10,0,0,0,2,0,8,398,True,False,False,True,False,0,False,True,4752,1082,True,0,20,510,38,120,30,1,609,2
353,"猪小仙",0,"",0,0,1,0,0,2741,100,10,0,0,0,2,2,8,399,True,False,True,False,True,0,False,True,4753,1083,True,0,30,510,30,360,20,1,623,2
354,"仙子人偶",0,"",0,0,1,0,0,2742,100,10,0,0,0,1,0,8,400,False,True,False,True,False,0,False,True,4754,7016,True,80,20,510,27,360,30,1,615,3
355,"神秘兵装",0,"",0,0,1,0,0,2756,100,10,0,0,0,2,0,8,401,True,False,True,False,True,0,False,True,4755,1084,True,90,20,390,1,30,20,1,604,2
356,"狐獴",0,"",0,0,1,0,0,2755,100,10,0,0,0,2,1,8,402,True,False,True,False,True,0,False,True,4756,3023,True,0,15,400,29,360,20,2,623,1
357,"白小骑士",0,"",0,0,1,0,0,2773,100,10,0,0,0,1,0,8,403,False,True,False,True,False,0,False,True,4757,1085,True,0,10,420,10,0,20,2,620,3
358,"极合金正义号",0,"",0,0,1,0,0,2774,100,10,0,0,0,1,0,8,404,False,True,False,True,False,0,False,True,4758,2005,True,0,30,500,41,0,20,2,620,3
359,"多玛金鱼儿",0,"",0,0,1,0,0,2775,100,10,0,0,0,2,5,8,405,True,False,True,False,True,0,False,True,4759,4009,True,0,20,510,38,120,30,1,609,1
360,"新型迷你埃斯蒂尼安",0,"",0,0,1,0,0,2801,100,30,0,0,0,1,0,8,336,False,True,False,True,False,0,False,True,4760,9026,True,0,20,420,8,30,20,2,621,3
361,"小凉南希",0,"",0,0,1,0,0,2800,100,10,0,0,0,2,0,8,406,True,False,True,False,True,0,False,True,4761,1086,True,0,15,460,32,0,30,2,620,2
362,"大哥布林人偶",0,"",0,0,1,0,0,2802,100,10,0,0,0,1,0,8,207,False,True,False,True,False,0,False,True,4762,7001,True,0,20,510,35,360,30,1,634,3
363,"小刻耳柏洛斯",0,"",0,0,1,0,0,2803,100,10,0,0,0,2,0,8,407,True,False,True,False,False,0,False,True,4763,2106,True,0,25,540,26,120,20,1,622,2
364,"辅助机054",0,"",0,0,1,0,0,2818,100,0,10,0,0,1,0,8,408,False,True,True,False,False,0,False,True,4764,13022,False,0,10,280,25,360,20,2,625,4
365,"辅助机316",0,"",0,0,1,0,0,2819,100,0,10,0,0,1,0,8,408,False,True,True,False,False,0,False,True,4765,13022,False,0,15,520,18,360,30,2,624,4
366,"黄金塔罗斯",0,"",0,0,1,0,0,2855,100,10,0,0,0,1,0,8,409,False,True,True,False,False,0,False,True,4766,1087,True,0,25,550,32,0,40,1,620,2
367,"马小龙",0,"",0,0,1,0,0,2856,100,10,0,0,0,2,0,8,410,True,False,True,False,True,0,False,True,4767,1088,True,0,10,300,18,360,30,1,624,1
368,"草小人",0,"",0,0,1,0,0,2857,100,10,0,0,0,1,0,8,411,False,True,True,False,False,0,False,True,4768,10023,True,0,30,700,11,360,20,1,617,4
369,"霍啪栌的水蛇？",0,"",0,0,1,0,0,2890,100,10,0,0,0,2,0,8,386,True,False,True,False,True,0,False,True,4769,3021,True,0,15,470,31,0,50,1,620,1
370,"奇塔利的水蛇？",0,"",0,0,1,0,0,2891,100,10,0,0,0,2,0,8,386,True,False,True,False,True,0,False,True,4770,3021,True,0,20,430,1,120,20,1,605,1
371,"银山雀儿",0,"",0,0,1,0,0,2858,100,10,0,0,0,2,3,8,285,True,False,True,False,True,0,False,True,4771,5009,True,0,10,280,14,30,20,1,607,1
372,"烹调猴面雀儿",0,"",0,0,1,0,0,2892,100,5,5,0,0,2,0,8,273,True,False,False,True,True,0,False,True,4772,1049,True,0,30,330,28,120,20,1,605,2
373,"衣匠猴面雀儿",0,"",0,0,1,0,0,2893,100,5,5,0,0,2,0,8,273,True,False,False,True,True,0,False,True,4773,1049,True,0,25,490,29,360,20,2,623,2
374,"小小古代人",0,"",0,0,1,0,0,2894,90,10,0,0,0,1,0,8,412,False,True,True,False,False,0,False,True,4774,10023,True,0,20,470,22,360,20,1,632,3
375,"鲨鱼指挥官",0,"",0,0,1,0,0,2895,100,10,0,0,0,2,0,8,413,True,False,True,False,True,0,False,True,4775,4010,True,0,15,450,38,30,20,1,640,2
376,"迷你杜丽雅",0,"",0,0,1,0,0,2896,100,10,0,0,0,1,0,8,414,False,True,True,False,False,0,False,True,4776,9040,True,0,30,660,20,120,20,2,631,3
377,"阿马罗宝宝",0,"",0,0,1,0,0,2897,100,10,0,0,0,2,0,8,417,True,False,True,False,True,0,False,True,4777,1093,True,0,15,430,43,0,20,1,620,2
378,"拉拉鳄",0,"",0,0,1,0,0,2898,100,10,1,0,0,2,0,8,415,True,False,True,False,True,0,False,True,4778,4011,True,0,20,470,46,0,20,1,620,1
379,"不幸小兔",0,"",0,0,1,0,0,2899,100,10,0,0,0,1,0,8,416,False,True,True,False,False,0,False,True,4779,10025,True,0,25,480,17,0,30,1,620,3
380,"啦哩吼矮人",0,"",0,0,1,0,0,2977,100,10,0,0,0,1,0,8,418,False,True,False,True,False,0,False,True,4780,12903,True,0,10,430,19,30,30,1,601,3
381,"猫秘玩偶",0,"",0,0,1,0,0,2978,100,10,0,0,0,1,0,8,419,False,True,False,True,False,0,False,True,4781,9041,True,0,30,620,12,360,20,2,626,3
382,"迷你阿尔博特",0,"",0,0,1,0,0,2979,100,10,0,0,0,1,0,8,420,False,True,False,True,False,0,False,True,4782,9042,True,0,20,430,46,0,20,1,620,3
383,"魔导地狱潜者追踪型",0,"",0,0,1,0,0,2980,100,5,5,0,0,1,0,8,421,False,True,False,True,False,0,False,True,4783,11021,True,0,25,480,31,0,50,1,620,4
384,"肥肥风筝猫",0,"",0,0,1,0,0,2981,100,10,0,0,0,2,0,8,72,True,False,True,False,True,0,False,True,4784,1045,True,0,15,490,4,120,20,2,605,1
385,"幻影亡灵法师",0,"",0,0,1,0,0,2982,100,10,0,0,0,1,0,8,422,False,True,False,True,False,0,False,True,4785,1089,True,0,10,380,39,0,20,1,620,3
386,"亚拉戈西瓜",0,"",0,0,1,0,0,2983,100,10,0,0,0,1,0,8,0,False,True,False,True,False,0,False,True,4786,11513,True,0,30,690,35,360,30,1,634,4
387,"沙狐",0,"",0,0,1,0,0,2984,100,5,5,0,0,2,0,8,423,True,False,True,False,True,0,False,True,4787,3024,True,0,15,490,37,0,20,2,620,1
388,"无齿翼龙幼崽",0,"",0,0,1,0,0,2985,100,10,0,0,0,2,2,8,424,True,False,True,False,True,0,False,True,4788,1090,True,0,20,430,17,0,30,1,620,2
389,"达因斯莱瓦追踪型",0,"",0,0,1,0,0,2986,100,10,0,0,0,1,0,8,425,False,True,False,True,False,0,False,True,4789,11022,True,0,25,530,33,0,20,1,620,4
390,"阎魔",0,"",0,0,1,0,0,2987,100,10,0,0,0,2,0,8,324,True,False,True,False,True,0,False,True,4790,13016,False,0,30,510,1,30,20,1,604,2
391,"蛇王凯拉",0,"",0,0,1,0,0,2988,100,10,0,0,0,2,0,8,324,True,False,True,False,True,0,False,True,4791,13017,False,0,10,280,28,120,20,1,605,2
392,"滑头鬼",0,"",0,0,1,0,0,2989,100,10,0,0,0,2,0,8,324,True,False,True,False,True,0,False,True,4792,13018,False,0,20,480,25,360,20,1,625,2
393,"百鬼公主",0,"",0,0,1,0,0,2990,100,10,0,0,0,2,0,8,324,True,False,True,False,True,0,False,True,4793,13019,False,0,15,430,19,30,30,1,611,2
394,"自走人偶2B",0,"",0,0,1,0,0,2991,100,10,0,0,0,1,0,8,426,False,True,False,True,False,0,False,True,4794,13023,False,0,25,550,38,30,40,1,604,3
395,"自走人偶2P",0,"",0,0,1,0,0,2992,100,10,0,0,0,1,0,8,426,False,True,False,True,False,0,False,True,4795,13023,False,0,20,380,26,120,20,1,622,3
396,"莫莫拉·莫拉！！！",0,"",0,0,1,0,0,3032,100,10,0,0,0,2,5,8,427,True,False,True,False,True,0,False,True,4796,4012,True,0,25,530,40,0,30,1,631,1
397,"希尔德拉级潜水艇P型",0,"",0,0,1,0,0,3033,100,10,0,0,0,1,0,8,428,False,True,False,True,False,0,False,True,4797,11007,True,0,30,470,1,30,20,1,604,4
398,"迷你盖娅",0,"",0,0,1,0,0,3034,100,10,0,0,0,1,0,8,429,False,True,False,True,False,0,False,True,4798,9043,True,0,10,240,32,0,30,1,620,3
399,"迷你帕罗姆",0,"",0,0,1,0,0,3035,100,0,10,0,0,1,16,8,242,False,True,False,True,False,400,False,True,4799,12044,True,0,15,480,12,360,20,2,626,3
400,"迷你普罗姆",0,"",0,0,1,0,0,3036,100,0,10,0,0,1,16,8,242,False,True,False,True,False,399,False,True,4800,12045,True,0,20,740,4,30,20,2,601,3
401,"迷你艾吉",0,"",0,0,1,0,0,3037,100,10,0,0,0,1,0,8,242,False,True,False,True,False,0,False,True,4801,12046,True,0,25,500,11,360,20,1,617,3
402,"迷你莉迪亚",0,"",0,0,1,0,0,3038,100,10,0,0,0,1,0,8,242,False,True,False,True,False,0,False,True,4802,12047,True,0,30,440,39,0,20,1,620,3
403,"迷你罗莎",0,"",0,0,1,0,0,3039,100,10,0,0,0,1,0,8,242,False,True,False,True,False,0,False,True,4803,12048,True,0,10,380,27,360,30,1,615,3
404,"天佑公主",0,"",0,0,1,0,0,3040,100,10,0,0,0,1,0,8,430,False,True,False,True,False,0,False,True,4804,2107,True,0,15,400,25,360,20,1,625,2
405,"水小滴",0,"",0,0,1,0,0,3106,100,10,0,0,0,2,0,8,431,True,False,True,False,True,0,False,True,4805,1091,True,0,20,380,31,0,30,2,620,2
406,"三角龙龙",0,"",0,0,1,0,0,3107,100,10,0,0,0,2,0,8,432,True,False,True,False,True,0,False,True,4806,1092,True,0,30,800,28,120,20,1,605,2
407,"黄金大河狸",0,"",0,0,1,0,0,3156,100,10,5,0,0,2,0,8,391,True,False,True,False,True,0,False,True,4807,6004,True,0,25,520,34,0,30,1,620,1
408,"海小鸥",0,"",0,0,1,0,0,3108,100,10,0,0,0,2,2,8,433,True,False,True,False,True,0,False,True,4808,5010,True,0,10,440,18,360,30,1,624,1
409,"小小食蚁兽",0,"",0,0,1,0,0,3109,100,10,0,0,0,2,0,8,434,True,False,True,False,True,0,False,True,4809,3025,True,0,15,450,14,30,20,1,607,1
410,"聪慧小海豚",0,"",0,0,1,0,0,3110,120,10,0,0,0,2,5,8,435,True,False,True,False,True,0,False,True,4810,4013,True,0,20,450,19,120,30,1,608,1
411,"魔导猎手追踪型",0,"",0,0,1,0,0,3111,100,10,0,0,0,1,0,8,436,False,True,False,True,False,0,False,True,4811,11023,True,0,25,490,33,0,20,1,620,2
412,"仙人刺女士",0,"",0,0,1,0,0,3152,80,10,10,0,0,1,0,8,437,False,True,False,True,False,0,False,True,4812,9044,True,0,30,640,43,0,20,2,620,3
413,"本本石",0,"",0,0,1,0,0,3153,100,10,0,0,0,1,0,8,438,False,True,False,True,False,0,False,True,4813,11514,True,0,10,360,31,0,30,1,620,4
414,"浪人的篝火",0,"",0,0,1,0,0,3154,100,0,0,0,0,3,14,8,439,False,True,False,False,False,0,False,True,4814,11515,True,0,15,550,27,360,60,1,615,4
415,"机械生物",0,"",0,0,1,0,0,3155,100,10,0,0,0,1,0,8,440,False,True,False,True,False,0,False,True,4815,13024,False,0,20,490,38,120,30,1,609,4
416,"迷你莱楠",0,"",0,0,1,0,0,3214,100,0,10,0,0,1,15,8,441,False,True,False,True,False,381,False,True,4816,9045,True,0,25,540,10,0,20,1,620,3
417,"迷你鲁纳尔",0,"",0,0,1,0,0,3215,100,0,10,0,0,1,15,8,442,False,True,False,True,False,331,False,True,4817,9046,True,0,30,540,25,360,20,1,625,3
418,"迷你贡希尔德",0,"",0,0,1,0,0,3216,100,10,0,0,0,1,0,8,443,False,True,False,True,False,0,False,True,4818,9047,True,0,30,450,36,360,30,1,634,3
419,"自走人偶9S",0,"",0,0,1,0,0,3217,100,10,0,0,0,1,0,8,445,False,True,False,True,False,0,False,True,4819,13024,False,0,25,500,8,30,20,1,621,3
420,"鲁迪玩偶",0,"",0,0,1,0,0,3218,100,10,0,0,0,1,0,8,446,False,True,False,True,False,0,False,True,4820,1042,True,0,15,410,4,30,20,1,611,2
421,"幻栗斋",0,"",0,0,1,0,0,3219,100,10,0,0,0,2,1,8,447,True,False,True,False,True,0,False,True,4821,3003,True,0,30,450,35,360,30,1,634,1
422,"小旗",0,"",0,0,1,0,0,3220,100,10,0,0,0,2,0,8,448,True,False,True,False,True,0,False,True,4822,3026,True,0,25,580,27,360,30,1,615,1
423,"小异亚",0,"",0,0,1,0,0,3221,70,10,5,0,0,2,0,8,449,True,False,True,False,False,0,False,True,4823,1094,True,0,20,460,42,0,30,2,620,2
424,"梅加斯三姐妹之形",0,"",0,0,1,0,0,3222,50,10,0,0,0,1,0,8,450,False,True,False,True,False,0,False,True,4824,1099,True,0,15,530,25,360,20,1,625,2
425,"集成奥密克戎",0,"",0,0,1,0,0,3223,100,10,0,0,0,1,0,8,451,False,True,False,True,False,0,False,True,4825,11024,True,0,10,400,12,360,20,1,626,3
426,"阿尼玛之形",0,"",0,0,1,0,0,3224,100,10,0,0,0,1,0,8,452,False,True,False,True,False,0,False,True,4826,1100,True,0,15,390,38,120,30,1,609,2
427,"游星鸟",0,"",0,0,1,0,0,3523,100,10,0,0,0,2,2,8,453,True,False,True,False,True,0,False,True,4827,9510,True,0,30,720,39,0,20,1,620,1
428,"纳夏猫",0,"",0,0,1,0,0,3226,100,10,0,0,0,2,0,8,454,True,False,True,False,True,0,False,True,4828,3027,True,0,25,470,30,360,20,1,623,1
429,"新型迷你于里昂热",0,"",0,0,1,0,0,3227,100,10,0,0,0,1,0,8,262,False,True,False,True,False,0,False,True,4829,9006,True,0,20,435,27,360,30,1,615,3
430,"迷你弗栗多",0,"",0,0,1,0,0,3228,100,10,0,0,0,1,0,8,255,False,True,False,True,False,0,False,True,4830,9506,True,0,25,400,1,120,20,1,616,2
431,"河马幼崽",0,"",0,0,1,0,0,3350,100,10,0,0,0,2,0,8,456,True,False,True,False,True,0,False,True,4831,3028,True,0,20,600,19,30,30,1,601,1
432,"蟹蟹",0,"",0,0,1,0,0,3351,100,10,0,0,0,2,0,8,457,True,False,True,False,False,0,False,True,4832,3029,True,0,30,640,22,360,20,1,632,1
433,"月面仙人刺王子",0,"",0,0,1,0,0,3352,100,10,0,0,0,2,0,8,458,True,False,True,False,False,0,False,True,4833,1095,True,0,25,500,35,360,25,1,634,2
434,"小巨魔",0,"",0,0,1,0,0,3353,100,10,0,0,0,2,0,8,459,True,False,False,True,False,0,False,True,4834,1096,True,0,20,500,23,30,20,1,606,2
435,"神杖小蛇",0,"",0,0,1,0,0,3354,150,10,0,0,0,2,0,8,460,True,False,True,False,True,0,False,True,4835,3030,True,0,15,400,13,120,20,1,631,1
436,"冒险者野餐篮",0,"",0,0,1,0,0,3355,100,10,0,0,0,3,14,8,461,False,True,False,False,False,0,False,True,4836,11516,True,0,10,320,10,0,20,1,620,4
437,"黄金恰塔号",0,"",0,0,1,0,0,3356,100,10,0,0,0,1,0,8,462,False,True,False,True,False,0,False,True,4837,11025,True,0,15,380,29,360,20,1,623,4
438,"小草贤人",0,"",0,0,1,0,0,3357,100,10,0,0,0,2,0,8,463,True,False,True,False,False,0,False,True,4838,1097,True,0,20,650,20,120,20,1,602,2
439,"格雷布洛弗玩偶",0,"",0,0,1,0,0,3358,100,10,0,0,0,1,0,8,464,False,True,False,True,False,0,False,True,4839,6005,True,0,25,600,43,0,20,1,620,3
440,"诺斯费拉图",0,"",0,0,1,0,0,3359,100,10,0,0,0,2,0,8,465,True,False,True,False,True,0,False,True,4840,2011,True,0,30,570,41,0,20,1,620,2
441,"小小守护者",0,"",0,0,1,0,0,3360,100,10,0,0,0,1,0,8,466,False,True,False,True,False,0,False,True,4841,9048,True,0,25,550,19,30,30,1,613,3
442,"明灯天王之形",0,"",0,0,1,0,0,3361,100,10,5,0,0,1,0,8,467,False,True,False,True,False,0,False,True,4842,1098,True,0,20,430,11,360,20,1,617,2
443,"王家仙人刺",0,"",0,0,1,0,0,3481,100,10,0,0,0,2,0,8,458,True,False,True,False,False,0,False,True,4843,1095,True,0,25,540,42,0,20,1,620,2
444,"悌阳象族人偶",0,"",0,0,1,0,0,3555,100,10,0,0,0,1,0,8,468,False,True,False,True,False,0,False,True,4844,7017,True,0,20,500,20,120,20,1,602,2
445,"袋鼠玩偶",0,"",0,0,1,0,0,3556,100,10,0,0,0,1,0,8,469,False,True,False,True,False,0,False,True,4845,3031,True,0,15,320,6,360,30,1,600,3
446,"原型恐慌装甲",0,"",0,0,1,0,0,3557,100,10,0,0,0,1,0,8,470,False,True,False,True,False,0,False,True,4846,11026,True,0,10,370,10,0,20,1,620,2
447,"门小奴",0,"",0,0,1,0,0,3558,80,10,0,0,0,1,0,8,471,False,True,False,True,False,0,False,True,4847,11027,True,0,15,200,21,0,30,1,620,3
448,"吉娃汪",0,"",0,0,1,0,0,3559,100,10,0,0,0,2,0,8,472,True,False,True,False,True,0,False,True,4848,3032,True,0,20,480,25,360,20,1,625,1
449,"发条小汽车",0,"",0,0,1,0,0,3560,70,10,0,0,0,1,0,8,473,False,True,False,True,False,0,False,True,4849,11028,True,0,25,300,18,360,30,1,624,4
450,"开心彩蛋幸福兔",0,"",0,0,1,0,0,3561,100,10,0,0,0,1,0,8,474,False,True,False,True,False,0,False,True,4850,1101,True,0,10,340,41,0,20,1,620,2
451,"迷你阿泽玛",0,"",0,0,1,0,0,3562,100,10,0,0,0,1,0,8,475,False,True,False,True,False,0,False,True,4851,2108,True,0,15,380,11,360,20,1,617,3
452,"诸神黄昏号模型",0,"",0,0,1,0,0,3563,80,10,0,0,0,1,0,8,476,False,True,False,True,False,0,False,True,4852,11029,True,0,20,490,43,0,20,1,620,4
453,"蓝足鲣鸟",0,"",0,0,1,0,0,3564,100,10,0,0,0,2,0,8,477,True,False,True,False,True,0,False,True,4853,5011,True,0,25,550,41,0,20,1,620,1
454,"可幽可幽玩偶",0,"",0,0,1,0,0,3565,100,10,0,0,0,1,0,8,478,False,True,False,True,False,0,False,True,4854,12081,False,0,30,620,39,0,20,1,620,3
455,"发条索鲁斯",0,"",0,0,1,0,0,3566,100,10,5,0,0,1,0,8,479,False,True,False,True,False,0,False,True,4855,9049,True,0,25,520,40,0,30,1,631,3
456,"猫耳小小员",0,"",0,0,1,0,0,3627,90,10,0,0,0,1,0,8,480,False,True,False,True,False,0,False,True,4856,10027,True,0,20,500,26,120,20,1,622,3
457,"迷你遗光",0,"",0,0,1,0,0,3628,100,10,0,0,0,1,0,8,481,False,True,False,True,False,0,False,True,4857,1101,True,0,25,500,42,0,20,1,620,3
458,"发条深红驱逐者",0,"",0,0,1,0,0,3629,100,10,0,0,0,1,0,8,482,False,True,False,True,False,0,False,True,4858,11026,True,0,30,550,17,0,30,2,620,3
459,"发条蔚蓝驱逐者",0,"",0,0,1,0,0,3630,100,10,0,0,0,1,0,8,482,False,True,False,True,False,0,False,True,4859,11026,True,0,30,550,17,0,30,2,620,3
460,"斯卡米留尼之形",0,"",0,0,1,0,0,3681,100,10,0,0,0,1,0,8,483,False,True,False,True,False,0,False,True,4860,8401,True,0,25,570,31,0,30,1,620,2
461,"辰龙巧儿陆行鸟",0,"",0,0,1,0,0,3682,100,10,0,0,0,2,0,8,3,True,False,True,False,True,0,False,True,4861,9,True,0,20,460,29,360,20,1,623,1
462,"鼯鼠",0,"",0,0,1,0,0,3683,100,10,0,0,0,2,1,8,484,True,False,True,False,True,0,False,True,4862,3031,True,0,15,430,22,360,20,1,632,1
463,"擦擦羽衣精",0,"",0,0,1,0,0,3684,100,10,0,0,0,2,2,8,266,True,False,True,False,True,0,False,True,4863,1103,True,0,10,350,21,0,20,1,620,2
464,"水道蜥蜴",0,"",0,0,1,0,0,3685,100,10,0,0,0,2,0,8,485,True,False,True,False,True,0,False,True,4864,3032,True,0,15,400,23,30,20,1,601,1
465,"迷你好友",0,"",0,0,1,0,0,3686,100,10,0,0,0,1,0,8,486,False,True,False,True,False,0,False,True,4865,9050,True,0,20,490,25,360,20,1,625,3
466,"迷你埃里克特翁尼亚斯",0,"",0,0,1,0,0,3687,100,10,0,0,0,1,0,8,487,False,True,False,True,False,0,False,True,4866,9051,True,0,25,520,28,120,20,1,605,3
467,"柯基犬",0,"",0,0,1,0,0,3731,90,10,0,0,0,2,0,8,488,True,False,True,False,True,0,False,True,4867,3033,True,0,30,600,14,30,20,1,607,1
468,"天蓝背魔鸟",0,"",0,0,1,0,0,3732,100,10,0,0,0,2,0,8,489,True,False,True,False,True,0,False,True,4868,1104,True,0,25,500,19,120,30,1,608,2
469,"铃小龙",0,"",0,0,1,0,0,3733,80,10,0,0,0,2,5,8,490,True,False,True,False,True,0,False,True,4869,4014,True,0,20,400,11,360,20,1,618,2
470,"自走人偶妈妈",0,"",0,0,1,0,0,3734,100,10,0,0,0,1,0,8,491,False,True,False,True,False,0,False,True,4870,13025,False,0,15,410,43,0,20,1,620,4
471,"凯纳槽之形",0,"",0,0,1,0,0,3735,100,10,0,0,0,1,0,8,483,False,True,False,True,False,0,False,True,4871,8402,True,0,10,390,22,360,20,1,632,2
472,"探明威",0,"",0,0,1,0,0,3736,100,10,5,0,0,2,0,8,492,True,False,True,False,True,0,False,True,4872,6006,True,0,15,430,39,0,20,2,620,2
473,"私用棒槌树",0,"",0,0,1,0,0,3737,100,10,0,0,0,2,0,8,42,False,True,False,True,False,0,False,True,4873,1025,True,0,10,390,33,0,20,1,620,1
474,"迷你哈罗妮",0,"",0,0,1,0,0,3745,100,10,0,0,0,1,0,8,475,False,True,False,True,False,0,False,True,4874,2109,True,0,20,500,41,0,20,1,620,3
475,"小火车",0,"",0,0,1,0,0,3746,100,10,0,0,0,1,0,8,493,False,True,False,True,False,0,False,True,4875,11027,True,0,25,570,38,120,30,1,609,4
476,"迷你戈德伯特",0,"",0,0,1,0,0,3747,100,10,0,0,0,1,0,8,268,False,True,False,True,False,0,False,True,4876,9014,True,0,30,650,34,0,30,2,620,3
477,"迷你艾多纽斯",0,"",0,0,1,0,0,3748,100,10,0,0,0,1,0,8,486,False,True,False,True,False,0,False,True,4877,9049,True,0,25,410,23,30,20,1,613,3
478,"海鹦",0,"",0,0,1,0,0,3817,100,10,0,0,0,2,2,8,494,True,False,True,False,True,0,False,True,4878,5011,True,0,20,410,44,0,30,1,620,1
479,"沧小龙",0,"",0,0,1,0,0,3818,100,10,0,0,0,2,5,8,495,True,False,True,False,False,0,False,True,4879,4015,True,0,25,500,15,0,40,1,620,1
480,"送行提灯",0,"",0,0,1,0,0,3819,100,10,0,0,0,1,0,8,496,False,True,False,True,False,0,False,True,4880,1107,True,0,30,520,8,30,20,1,621,4
481,"蒸汽飞空獭獭",0,"",0,0,1,0,0,3820,100,10,0,0,0,2,0,8,280,True,False,True,False,True,0,False,True,4881,4003,True,0,20,500,2,30,20,1,603,1
482,"红电气石神兵",0,"",0,0,1,0,0,3839,90,10,0,0,0,1,0,8,497,False,True,False,True,False,0,False,True,4882,8301,True,0,30,490,9,0,20,1,620,3
483,"黑小猩",0,"",0,0,1,0,0,3840,100,10,0,0,0,2,0,8,498,True,False,True,False,True,0,False,True,4883,3034,True,0,15,350,49,0,30,1,620,1
484,"惊奇炸药仔",0,"",0,0,1,0,0,3841,100,10,0,0,0,2,0,8,499,True,False,True,False,False,0,False,True,4884,1105,True,0,25,610,37,0,20,1,620,2
485,"小吕萨",0,"",0,0,1,0,0,3842,100,10,0,0,0,1,0,8,500,False,True,False,True,False,0,False,True,4885,1106,True,0,20,500,32,0,40,1,620,2
486,"忍犬白丸",0,"",0,0,1,0,0,3852,100,10,0,0,0,2,0,8,341,True,False,True,False,True,0,False,True,4886,3035,True,0,15,300,12,360,20,1,626,1
487,"迷你雅典娜",0,"",0,0,1,0,0,3853,100,10,0,0,0,1,0,8,487,False,True,False,True,False,0,False,True,4887,9051,True,0,25,400,36,360,30,1,634,3
488,"迷你巴尔巴莉希娅",0,"",0,0,1,0,0,3854,100,10,0,0,0,1,0,8,483,False,True,False,True,False,0,False,True,4888,8403,True,0,15,400,30,360,20,1,623,2
489,"遮光器土偶",0,"",0,0,1,0,0,3856,100,10,0,0,0,1,0,8,501,False,True,False,True,False,0,False,True,4889,11517,True,0,10,340,46,0,20,1,620,3
490,"忍犬黑丸",0,"",0,0,1,0,0,3906,100,10,0,0,0,2,0,8,341,True,False,True,False,True,0,False,True,4890,3035,True,0,20,500,6,360,30,1,600,1
491,"乌洛萨帕",0,"",0,0,1,0,0,3934,100,10,0,0,0,2,2,8,90,True,False,True,False,True,0,False,True,4891,5012,True,0,20,500,30,360,20,1,623,1
492,"东方的白色土龙？",0,"",0,0,1,0,0,3935,100,10,0,0,0,1,0,8,386,True,False,True,False,True,0,False,True,4892,3021,False,0,25,560,25,360,20,1,625,1
493,"绿电气石神兵",0,"",0,0,1,0,0,3936,100,10,0,0,0,1,0,8,497,False,True,False,True,False,0,False,True,4893,8302,True,0,30,700,28,120,20,1,605,3
494,"迷你奥修昂",0,"",0,0,1,0,0,3937,100,10,0,0,0,1,0,8,475,False,True,False,True,False,0,False,True,4894,2110,True,0,25,590,9,0,20,1,620,3
495,"西德尼亚丘灵",0,"",0,0,1,0,0,3938,100,10,0,0,0,1,0,8,492,False,True,False,True,False,0,False,True,4895,11518,True,0,20,480,4,120,20,1,602,4
496,"休假小员",0,"",0,0,1,0,0,3939,100,10,0,0,0,1,0,8,480,False,True,False,True,False,0,False,True,4896,10028,True,0,15,520,35,360,25,1,634,3
497,"迷你高贝扎",0,"",0,0,1,0,0,3940,140,10,0,0,0,1,0,8,483,False,True,False,True,False,0,False,True,4897,8405,True,0,10,290,1,120,20,1,605,2
498,"小托加尔",0,"",0,0,1,0,0,3989,100,10,10,0,0,2,0,8,91,True,False,True,False,True,0,False,True,4898,12161,False,0,15,420,23,120,30,2,605,1
499,"粉红糖豆人",0,"",0,0,1,0,0,3990,100,10,0,0,0,2,0,8,502,True,False,True,False,True,0,False,True,4899,13026,False,0,25,600,38,120,20,1,609,1
500,"糖豆企鹅",0,"",0,0,1,0,0,3991,100,10,0,0,0,1,0,8,502,False,True,False,True,False,0,False,True,4900,13026,False,0,20,500,37,0,20,1,620,3
501,"海德林偶像",0,"",0,0,1,0,0,3992,100,0,10,0,0,1,18,8,503,False,True,False,True,False,502,False,True,4901,9201,True,0,30,750,11,360,20,2,618,3
502,"佐迪亚克偶像",0,"",0,0,1,0,0,3993,100,0,10,0,0,1,17,8,503,False,True,False,True,False,501,False,True,4902,9202,True,0,30,500,19,30,30,2,611,3
503,"迷你富尔什诺",0,"",0,0,1,0,0,3994,100,10,0,0,0,1,0,8,504,False,True,False,True,False,0,False,True,4903,9007,True,0,25,600,22,360,20,1,632,3
504,"迷你吉坦",0,"",0,0,1,0,0,3995,100,10,0,0,0,1,0,8,505,False,True,False,True,False,505,False,True,4904,12091,True,0,20,480,41,0,20,1,620,3
505,"迷你嘉妮特",0,"",0,0,1,0,0,3996,100,10,0,0,0,1,0,8,505,False,True,False,True,False,504,False,True,4905,12092,True,0,10,350,19,30,30,1,601,3
506,"雷普鲁",0,"",0,0,1,0,0,3997,100,10,0,0,0,2,0,8,383,True,False,False,True,True,0,False,True,4906,3020,True,0,15,560,13,120,20,1,631,1
507,"小小海牛",0,"",0,0,1,0,0,4047,120,10,0,0,0,2,5,8,506,True,False,True,False,True,0,False,True,4907,4016,True,0,15,600,38,30,20,1,640,1
508,"飞梭M9",0,"",0,0,1,0,0,4048,80,10,0,0,0,1,0,8,507,False,True,True,False,False,0,False,True,4908,11030,True,0,10,480,18,360,30,1,624,4
509,"小羊驼",0,"",0,0,1,0,0,4049,100,10,0,0,0,2,0,8,508,True,False,True,False,True,0,False,True,4909,3036,True,0,20,560,16,360,60,1,630,1
510,"吸蜜怪",0,"",0,0,1,0,0,4050,100,10,0,0,0,2,0,8,509,True,False,True,False,True,0,False,True,4910,1113,True,0,25,730,28,120,20,1,605,2
511,"中角羊",0,"",0,0,1,0,0,4051,100,10,0,0,0,2,0,8,510,True,False,True,False,True,0,False,True,4911,3038,True,0,30,850,23,30,20,1,601,1
512,"伊克提",0,"",0,0,1,0,0,4052,100,10,0,0,0,2,0,8,511,True,False,True,False,True,0,False,True,4912,3039,True,0,15,560,13,30,20,1,604,1
513,"小绿鸟",0,"",0,0,1,0,0,4053,100,10,0,0,0,2,2,8,512,True,False,True,False,True,0,False,True,4913,5013,True,0,20,440,12,360,20,1,619,1
514,"小巧郊狼",0,"",0,0,1,0,0,4054,120,10,0,0,0,2,0,8,513,True,False,True,False,True,0,False,True,4914,3040,True,0,10,480,29,360,20,1,623,1
515,"洛洛洛特雪精",0,"",0,0,1,0,0,4055,100,10,0,0,0,2,0,8,514,False,True,False,True,False,0,False,True,4915,1108,True,0,15,580,19,30,30,1,611,2
516,"玉米大人",0,"",0,0,1,0,0,4056,100,10,0,0,0,2,0,8,515,False,True,False,True,False,0,False,True,4916,11519,True,0,25,720,27,360,30,1,615,1
517,"酒杯刺",0,"",0,0,1,0,0,4057,70,10,0,0,0,2,0,8,27,True,False,True,False,True,0,False,True,4917,1109,True,0,15,520,12,360,20,1,626,2
518,"蓝猫",0,"",0,0,1,0,0,4058,100,10,0,0,0,2,0,8,516,True,False,True,False,True,0,False,True,4918,3041,True,0,10,480,1,120,20,1,616,1
519,"说话的石头",0,"",0,0,1,0,0,4117,100,10,0,0,0,1,0,8,517,False,True,False,True,False,0,False,True,4919,1110,True,0,25,600,20,360,40,1,637,4
520,"辉鳞人玩偶",0,"",0,0,1,0,0,4118,100,10,0,0,0,1,0,8,518,False,True,False,True,False,0,False,True,4920,6007,True,0,20,600,22,360,20,1,632,3
521,"恶作剧小丑",0,"",0,0,1,0,0,4119,100,10,0,0,0,1,0,8,519,False,True,False,True,False,0,False,True,4921,1111,True,0,10,480,35,360,25,1,634,2
522,"铁皮哨兵T1",0,"",0,0,1,0,0,4120,100,10,0,0,0,1,0,8,520,False,True,False,True,False,0,False,True,4922,11031,True,0,25,590,1,30,30,1,603,3
523,"验证体安布罗斯",0,"",0,0,1,0,0,4121,100,10,0,0,0,1,0,8,521,False,True,False,True,False,0,False,True,4923,1112,True,0,20,580,6,360,40,1,600,3
524,"黑小猫",0,"",0,0,1,0,0,4122,100,10,0,0,0,1,0,8,522,False,True,False,True,False,0,False,True,4924,2012,True,0,30,710,14,30,20,1,607,2
525,"新型迷你可露儿",0,"",0,0,1,0,0,4123,100,10,0,0,0,1,0,8,262,False,True,False,True,False,0,False,True,4925,9012,True,0,20,560,26,360,20,1,619,3
526,"迷你零",0,"",0,0,1,0,0,4124,100,10,10,0,0,1,0,8,523,False,True,False,True,False,0,False,True,4926,9052,True,0,25,600,20,120,20,2,605,3
527,"迷你埃伦维尔",0,"",0,0,1,0,0,4125,100,10,0,0,0,1,0,8,524,False,True,False,True,False,0,False,True,4927,9053,False,0,15,500,11,360,20,1,617,3
528,"微暗之王",0,"",0,0,1,0,0,4385,100,10,0,0,0,1,0,8,525,False,True,False,True,False,0,False,True,4928,2111,False,0,30,620,10,0,20,1,620,2
529,"",0,"",0,0,0,0,0,0,0,0,0,0,0,0,0,0,0,False,False,False,False,False,0,False,False,0,0,False,0,0,0,0,0,0,0,0,0
530,"精金石神兵",0,"",0,0,1,0,0,4387,100,10,0,0,0,1,0,8,497,False,True,False,True,False,0,False,True,4930,8303,False,0,20,500,31,0,40,1,620,3
531,"小小巨嘴鸟",0,"",0,0,1,0,0,4388,100,10,0,0,0,2,2,8,527,True,False,True,False,True,0,False,True,4931,5014,False,0,25,500,43,0,20,1,620,1
532,"跃阳兔",0,"",0,0,1,0,0,4389,100,10,0,0,0,2,0,8,528,True,False,True,False,True,0,False,True,4932,3042,False,0,15,510,1,30,30,1,606,1
533,"脊龙",0,"",0,0,1,0,0,4390,100,10,0,0,0,2,0,8,529,True,False,True,False,True,0,False,True,4933,3043,False,0,20,550,22,360,20,1,632,1
534,"佩鲁佩鲁族玩偶",0,"",0,0,1,0,0,4391,100,10,0,0,0,1,0,8,530,False,True,False,True,False,0,False,True,4934,10029,False,0,10,380,31,0,50,1,620,3
535,"铁皮士兵S3",0,"",0,0,1,0,0,4392,100,10,0,0,0,1,0,8,531,False,True,False,True,False,0,False,True,4935,11032,False,0,25,620,40,0,30,1,631,3
536,"",0,"",0,0,0,0,0,0,0,0,0,0,0,0,0,0,0,False,False,False,False,False,0,False,False,0,0,False,0,0,0,0,0,0,0,0,0
537,"薄暗之云",0,"",0,0,1,0,0,4394,100,10,0,0,0,1,0,8,232,False,True,False,True,False,0,False,True,4937,2101,False,0,20,600,31,0,30,1,620,2
538,"迷你特弥斯",0,"",0,0,1,0,0,4395,100,10,0,0,0,1,0,8,533,False,True,False,True,False,0,False,True,4938,9051,False,0,15,500,23,30,20,1,613,3
539,"金曦绿茵号",0,"",0,0,1,0,0,4396,100,10,0,0,0,1,0,8,534,False,True,False,True,False,0,False,True,4939,11033,False,0,10,460,42,0,20,1,620,4
540,"",0,"",0,0,0,0,0,0,0,0,0,0,0,0,0,0,0,False,False,False,False,False,0,False,False,0,0,False,0,0,0,0,0,0,0,0,0
541,"",0,"",0,0,0,0,0,0,0,0,0,0,0,0,0,0,0,False,False,False,False,False,0,False,False,0,0,False,0,0,0,0,0,0,0,0,0
542,"",0,"",0,0,0,0,0,0,0,0,0,0,0,0,0,0,0,False,False,False,False,False,0,False,False,0,0,False,0,0,0,0,0,0,0,0,0
543,"",0,"",0,0,0,0,0,0,0,0,0,0,0,0,0,0,0,False,False,False,False,False,0,False,False,0,0,False,0,0,0,0,0,0,0,0,0
