key,0,1,2,3,4
#,Group,Key,LookupTable,Text,GroupTitle
int32,uint16,uint16,str,str,str
100,1,0,"@","【语言】","yuyan."
101,1,1,"","请使用定型文翻译系统。","qingshiyongdingxingwenfanyixitong"
102,1,10,"","日语","riyu"
103,1,11,"","英语","yingyu"
104,1,12,"","法语","fayu"
105,1,13,"","德语","deyu"
106,1,31,"","你会说日语吗？","nihuishuoriyuma?"
107,1,32,"","你会说英语吗？","nihuishuoyingyuma?"
108,1,33,"","你会说法语吗？","nihuishuofayuma?"
109,1,34,"","你会说德语吗？","nihuishuodeyuma?"
110,1,41,"","我不会说英语。","wobuhuishuoyingyu"
111,1,40,"","我不会说日语。","wobuhuishuoriyu"
112,1,42,"","我不会说法语。","wobuhuishuofayu"
113,1,43,"","我不会说德语。","wobuhuishuodeyu"
114,1,20,"","请听着。","qingtingzhe"
115,1,21,"","能听见吗？","nengtingjianma?"
116,1,22,"","我会说一点。","wohuishuoyidian"
117,1,23,"","我能看懂一点。","wonengkandongyidian"
118,1,24,"","请用简单的词汇。","qingyongjiandandecihui"
119,1,25,"","请不要使用省略语。","qingbuyaoshiyongshenglveyu"
120,1,26,"","请稍等，我需要些时间来回复。","qingshaodeng,woxuyaoxieshijianlaihuifu"
121,1,30,"","你的母语是什么？","nidemuyushishenme?"
200,2,0,"@","【问候语】","wenhouyu."
201,2,1,"","很高兴见到你。","hengaoxingjiandaoni"
202,2,2,"","早上好！","zaoshanghao"
203,2,3,"","你好！","nihao"
204,2,4,"","晚上好！","wanshanghao"
205,2,5,"","晚安！","wanan"
206,2,6,"","再会。","zaihui"
207,2,7,"","今天很高兴。","jintianhengaoxing"
208,2,8,"","回头见！","huitoujian"
209,2,9,"","有时间再一起玩！","youshijianzaiyiqiwan"
210,2,10,"","我回来了！","wohuilaile"
211,2,11,"","欢迎回来。","huanyinghuilai"
212,2,12,"","恭喜！","gongxi"
213,2,13,"","干得好！","gandehao"
214,2,14,"","加油！","jiayou"
215,2,15,"","太好了！","taihaole"
216,2,16,"","谢谢你。","xiexieni"
217,2,17,"","不客气。","bukeqi"
218,2,18,"","多保重。","duobaozhong"
219,2,19,"","对不起。","duibuqi"
220,2,20,"","请原谅我。","qingyuanliangwo"
221,2,21,"","很遗憾。","henyihan"
222,2,22,"","打扰一下……","daraoyixia"
223,2,23,"","祝你旅途愉快。","zhunilvtuyukuai"
224,2,24,"","我是第一次来这里。","woshidiyicilaizheli"
225,2,25,"","我很期待！","wohenqidai"
226,2,26,"","打得好！辛苦了！","dadehaoxinkule"
227,2,27,"","请多关照！","qingduoguanzhao"
228,2,28,"","我得走了，非常感谢各位。","wodeizoulefeichangganxiegewei"
229,2,29,"","我们玩得轻松点吧！","womenwandeqingsongdianba"
230,2,31,"","我会尽力的！","wohuijinlide"
231,2,30,"","一起加油吧！","yiqijiayouba"
232,2,32,"","好好期待吧！","haohaoqidaiba"
233,2,33,"","冷静一点吧！","lengjingyidianba"
300,3,0,"@","【提问】","tiwen."
301,3,1,"","谁？","shui?"
302,3,2,"","哪个？","nage?"
303,3,3,"","怎样？","zenyang?"
304,3,4,"","什么？","shenme?"
305,3,5,"","什么时候？","shenmeshihou?"
306,3,6,"","多少？","duoshao?"
307,3,7,"","在哪？","zaina?"
308,3,8,"","为什么？","weishenme?"
309,3,9,"","怎么了？","zenmele?"
310,3,10,"","我们要去哪？","womenyaoquna?"
311,3,11,"","你可以吗？","nikeyima?"
312,3,12,"","需要帮忙吗？","xuyaobangmangma?"
313,3,13,"","我们做什么任务？","womenzuoshenmerenwu?"
314,3,14,"","你能做什么任务？","ninengzuoshenmerenwu?"
315,3,15,"","你有吗？","niyouma?"
316,3,16,"","现在你在使用什么武器？","xianzainizaishiyongshenmewuqi?"
317,3,17,"","你还能使用其他什么职业？","nihainengshiyongqitashenmezhiye?"
318,3,18,"","你还能担任其他什么职能？","nihainengdanrenqitashenmezhineng?"
319,3,19,"","你设置好了吗？","nishezhihaolema?"
320,3,20,"","用什么战术？","yongshenmezhanshu?"
321,3,21,"","我能加你为好友吗？","wonengjianiweihaoyouma?"
322,3,22,"","能休息下吗？","nengxiuxixiama?"
323,3,23,"","稍微修理一下吧？","shaoweixiuliyixiaba?"
324,3,24,"","能帮我修理一下吗？","nengbangwoxiuliyixiama?"
325,3,25,"","需要我帮你镶嵌魔晶石吗？","xuyaowobangnixiangqianmojingshima?"
326,3,26,"","能帮我镶嵌下魔晶石吗？","nengbangwoxiangqianxiamojingshima?"
327,3,27,"","你要加入我的小队吗？","niyaojiaruwodexiaoduima?"
328,3,28,"","能把我加入你的小队吗？","nengbawojiarunidexiaoduima?"
329,3,29,"","我们把小队解散了怎么样？","womenbaxiaoduijiesanlezenmeyang?"
330,3,30,"","来加入我们的通讯贝吗？","laijiaruwomendetongxunbeima?"
331,3,31,"","能让我加入通讯贝吗？","nengrangwojiarutongxunbeima?"
332,3,32,"","来加入我们的部队吗？","laijiaruwomendebuduima?"
333,3,33,"","能让我加入部队吗？","nengrangwojiarubuduima?"
334,3,34,"","你在干什么？","nizaiganshenme?"
335,3,35,"","来进行卡片对局吗？","laijinxingkapianduijuma?"
336,3,36,"","我们改变一下规则好吗？","womengaibianyixiaguizehaoma?"
337,3,37,"","来进行大赛对局吗？","laijinxingdasaiduijuma?"
338,3,38,"","魔力够用吗？","moligouyongma?"
339,3,39,"","有什么不明白的地方吗？","youshenmebumingbaidedifangma?"
340,3,40,"","看到了吗？","kandaolema?"
341,3,41,"","知道怎么打吗？","zhidaozenmedama?"
342,3,42,"","能说说打法吗？","nengshuoshuodafama?"
343,3,43,"","要来共同骑乘吗？","yaolaigongtongqichengma?"
344,3,44,"","能让我共同骑乘吗？","nengrangwogongtongqichengma?"
400,4,0,"@","【回答】","huida."
401,4,1,"","我不知道。","wobuzhidao"
402,4,2,"","不，谢了。","buxiele"
403,4,3,"","好的，拜托了。","haodebaituole"
404,4,4,"","拜托您了。","baituoninle"
405,4,5,"","明白。","mingbai"
406,4,6,"","抱歉，我现在很忙。","baoqianwoxianzaihenmang"
407,4,7,"","我现在想独自一人活动。","woxianzaixiangduziyirenhuodong"
408,4,8,"","我不知道该怎么回答这个问题。","wobuzhidaogaizenmehuidazhegewenti"
409,4,9,"","原来如此。","yuanlairuci"
410,4,10,"","谢谢你的提案，不过还是算了。","xiexienidetianbuguohaishisuanle"
411,4,11,"","听起来有意思。","tingqilaiyouyisi"
412,4,12,"","嗯……","en"
413,4,13,"","啊？！","a?!"
414,4,14,"","真的？","zhende?"
415,4,15,"","唔。","wu"
416,4,16,"","一会还有别的事。","yihuihaiyoubiedeshi"
417,4,17,"","再来一局。","zailaiyiju"
418,4,18,"","结束对局吧。","jieshuduijuba"
419,4,19,"","我想暂停一会儿。","woxiangzantingyihuier"
420,4,20,"","有可能。","youkeneng"
500,5,0,"@","【理由】","liyou."
501,5,1,"","正在咏唱。","zhengzaiyongchang"
502,5,2,"","该工作了。","gaigongzuole"
503,5,3,"","我约了人。","woyueleren"
504,5,4,"","我困了。","wokunle"
505,5,5,"","我累了。","woleile"
506,5,6,"","有事要办，先走一步！","youshiyaobanxianzouyibu"
507,5,7,"","身体有点不舒服。","shentiyoudianbushufu"
508,5,8,"","我不是很有兴趣。","wobushihenyouxingqu"
509,5,9,"","我有兴趣。","woyouxingqu"
510,5,10,"","我现在正在任务里。","woxianzaizhengzairenwuli"
511,5,11,"","正在战斗中！","zhengzaizhandouzhong"
512,5,12,"","我想挣钱。","woxiangzhengqian"
513,5,13,"","我不记得了。","wobujidele"
514,5,14,"","我不知道。","wobuzhidao"
515,5,15,"","刚用掉了……","gangyongdiaole"
516,5,16,"","我想挣经验值。","woxiangzhengjingyanzhi"
517,5,17,"","我错了。","wocuole"
518,5,18,"","已经有人邀请我了。","yijingyourenyaoqingwole"
519,5,19,"","我已经有一个了。","woyijingyouyigele"
520,5,20,"","招募已经结束了。","zhaomuyijingjieshule"
521,5,21,"","我正在做准备。","wozhengzaizuozhunbei"
522,5,22,"","现在无法脱身。","xianzaiwufatuoshen"
523,5,23,"","我在和人聊天。","wozaiherenliaotian"
524,5,24,"","我没有在用键盘。","womeiyouzaiyongjianpan"
525,5,25,"","我正在查资料。","wozhengzaichaziliao"
600,6,0,"@","【交易】","jiaoyi."
601,6,1,"","能卖给我吗？","nengmaigeiwoma?"
602,6,2,"","能帮我个忙吗？","nengbangwogemangma?"
603,6,3,"","能便宜些吗？","nengpianyixiema?"
604,6,4,"","要购买吗？","yaogoumaima?"
605,6,5,"","要出售吗？","yaochushouma?"
606,6,6,"","能交换吗？","nengjiaohuanma?"
607,6,7,"","你需要吗？","nixuyaoma?"
608,6,8,"","你能制作吗？","ninengzhizuoma?"
609,6,9,"","你有吗？","niyouma?"
610,6,10,"","需要什么必要的素材？","xuyaoshenmebiyaodesucai?"
611,6,11,"","没钱！","meiqian"
612,6,12,"","我没有那个道具。","womeiyounagedaoju"
613,6,13,"","我没什么能给你的。","womeishenmenenggeinide"
614,6,14,"","给你这个。","geinizhege"
615,6,15,"","请。","qing"
616,6,16,"","报酬：","baochou"
617,6,17,"","价格：","jiage"
618,6,18,"","发送物品","fasongwupin"
700,7,0,"@","【组织】","zuzhi."
701,7,1,"","寻找同伴中。","xunzhaotongbanzhong"
702,7,2,"","请集合。","qingjihe"
703,7,3,"","组队怎么样？","zuduizenmeyang?"
704,7,4,"","你是一个人吗？","nishiyigerenma?"
705,7,5,"","有空位吗？","youkongweima?"
706,7,6,"","请邀请我。","qingyaoqingwo"
707,7,7,"","请让我加入。","qingrangwojiaru"
708,7,8,"","谁是队长？","shuishiduizhang?"
709,7,9,"","就一会儿也可以。","jiuyihuieryekeyi"
710,7,10,"","我们小队满了。","womenxiaoduimanle"
711,7,11,"","请帮个忙。","qingbanggemang"
712,7,12,"","小队解散。","xiaoduijiesan"
713,7,13,"","暂时离开一下。","zanshilikaiyixia"
714,7,14,"","希望组队。","xiwangzudui"
715,7,15,"","轻锐小队","qingruixiaodui"
716,7,16,"","满编小队","manbianxiaodui"
717,7,17,"","我还没有适应。","wohaimeiyoushiying"
718,7,18,"","要补充队员吗？","yaobuchongduiyuanma?"
800,8,0,"@","【战术】","zhanshu."
801,8,201,"","请跟上。","qinggenshang"
802,8,202,"","我会跟上的。","wohuigenshangde"
803,8,203,"","调查看看。","diaochakankan"
804,8,204,"","我找到了！","wozhaodaole"
805,8,1,"","全力攻击！","quanligongji"
806,8,2,"","稍微退后些。","shaoweituihouxie"
807,8,3,"","请留意仇恨值。","qingliuyichouhenzhi"
808,8,4,"","先干掉这个！","xiangandiaozhege"
809,8,5,"","请不要攻击。","qingbuyaogongji"
810,8,6,"","拉住那只怪！","lazhunazhiguai"
811,8,7,"","请使它无效化。","qingshitawuxiaohua"
812,8,8,"","治疗！","zhiliao"
813,8,9,"","快加上！","kuaijiashang"
814,8,10,"","快跑！","kuaipao"
815,8,11,"","救命！","jiuming"
816,8,12,"","停止！","tingzhi"
817,8,13,"","待命中。","daimingzhong"
818,8,14,"","没剩下了。","meishengxiale"
819,8,15,"","没有了。","meiyoule"
820,8,16,"","请节约一点。","qingjieyueyidian"
821,8,17,"","我会节约的。","wohuijieyuede"
822,8,18,"","装备的耐久度下降了。","zhuangbeidenaijiuduxiajiangle"
823,8,19,"","准备完毕！","zhunbeiwanbi"
824,8,100,"","请标记怪物。","qingbiaojiguaiwu"
825,8,20,"","用这个吧。","yongzhegeba"
826,8,205,"","休息一下吧。","xiuxiyixiaba"
827,8,21,"","我去引敌人过来。","woquyindirenguolai"
828,8,22,"","我去吸引敌人。","woquxiyindiren"
829,8,206,"","请等一下。","qingdengyixia"
830,8,207,"","在那边集合吧。","zainabianjiheba"
831,8,208,"","我们走吧。","womenzouba"
832,8,209,"","请到那边去。","qingdaonabianqu"
833,8,210,"","我现在过去。","woxianzaiguoqu"
834,8,211,"","马上回来。","mashanghuilai"
835,8,212,"","请快点掷骰。","qingkuaidianzhitou"
836,8,300,"","弱点：","ruodian"
837,8,301,"","注意：","zhuyi"
838,8,302,"","推荐：","tuijian"
839,8,303,"","讨伐顺序：","taofashunxu"
840,8,304,"","所需物品：","suoxuwupin"
841,8,23,"","请保持住敌人的仇恨。","qingbaochizhudirendechouhen"
842,8,24,"","敌人正在靠近！","direnzhengzaikaojin"
843,8,25,"","请不要在意。","qingbuyaozaiyi"
844,8,26,"","请不要管那个。","qingbuyaoguannage"
845,8,1105,"","交换。","jiaohuan"
846,8,27,"","换我来！","huanwolai"
847,8,28,"","我先上！","woxianshang"
848,8,200,"","我们慢点打。","womenmandianda"
849,8,30,"","快做！","kuaizuo"
850,8,305,"","方向：","fangxiang"
851,8,31,"","快回避！","kuaihuibi"
852,8,32,"","请朝后。","qingchaohou"
853,8,33,"","快去吃伤害。","kuaiquchishanghai"
854,8,34,"","让敌人离远点。","rangdirenliyuandian"
855,8,35,"","离远点。","liyuandian"
856,8,36,"","离近点。","lijindian"
857,8,37,"","带走。","daizou"
859,8,39,"","快切断！","kuaiqieduan"
860,8,40,"","继续维持！","jixuweichi"
861,8,41,"","一起打倒吧！","yiqidadaoba"
862,8,42,"","躲起来！","duoqilai"
863,8,43,"","搭乘了！","dachengle!"
864,8,44,"","请搭乘！","qingdacheng!"
900,9,0,"@","【职能】","zhineng."
901,9,1,"","队长","duizhang"
902,9,2,"","管理员","guanliyuan"
903,9,10,"","战斗精英","zhandoujingying"
904,9,11,"","魔法导师","mofadaoshi"
905,9,12,"","大地使者","dadishizhe"
906,9,13,"","能工巧匠","nenggongqiaojiang"
907,9,20,"","防护职业","fanghuzhiye"
908,9,23,"","近战职业","jinzhanzhiye"
909,9,24,"","远程职业","yuanchengzhiye"
910,9,21,"","治疗职业","zhiliaozhiye"
911,9,26,"","强化职业","qianghuazhiye"
912,9,25,"","魔法职业","mofazhiye"
913,9,22,"","进攻职业","jingongzhiye"
950,10,0,"@","【位置】","weizhi."
951,10,1,"","位置","weizhi"
952,10,13,"","北","bei"
953,10,12,"","南","nan"
954,10,10,"","东","dong"
955,10,11,"","西","xi"
956,10,20,"","上","shang"
957,10,21,"","下","xia"
958,10,23,"","右","you"
959,10,22,"","左","zuo"
960,10,30,"","前面","qianmian"
961,10,31,"","后面","houmian"
962,10,43,"","旁边","pangbian"
963,10,40,"","正面","zhengmian"
964,10,46,"","中央","zhongyang"
965,10,41,"","侧面","cemian"
966,10,44,"","内侧","neice"
967,10,45,"","外侧","waice"
968,10,50,"","这边","zhebian"
969,10,51,"","远处","yuanchu"
970,10,52,"","那边","nabian"
971,10,53,"","再近一些","zaijinyixie"
972,10,54,"","再远一些","zaiyuanyixie"
973,10,60,"","入口","rukou"
974,10,61,"","出口","chukou"
975,10,42,"","背面","beimian"
976,10,70,"","一点","yidian"
977,10,71,"","两点","liangdian"
978,10,72,"","三点","sandian"
979,10,73,"","四点","sidian"
980,10,74,"","五点","wudian"
981,10,75,"","六点","liudian"
982,10,76,"","七点","qidian"
983,10,77,"","八点","badian"
984,10,78,"","九点","jiudian"
985,10,79,"","十点","shidian"
986,10,80,"","十一点","shiyidian"
987,10,81,"","十二点","shierdian"
1000,11,0,"@","【时间】","shijian."
1001,11,3,"","前天","qiantian"
1002,11,2,"","昨天","zuotian"
1003,11,1,"","今天","jintian"
1004,11,4,"","明天","mingtian"
1005,11,5,"","后天","houtian"
1006,11,11,"","上周","shangzhou"
1007,11,10,"","这周","zhezhou"
1008,11,12,"","下周","xiazhou"
1009,11,20,"","上午","shangwu"
1010,11,21,"","下午","xiawu"
1011,11,30,"","早晨","zaochen"
1012,11,31,"","中午","zhongwu"
1013,11,32,"","晚上","wanshang"
1014,11,40,"","星期","xingqi"
1015,11,41,"","星期日","xingqiri"
1016,11,42,"","星期一","xingqiyi"
1017,11,43,"","星期二","xingqier"
1018,11,44,"","星期三","xingqisan"
1019,11,45,"","星期四","xingqisi"
1020,11,46,"","星期五","xingqiwu"
1021,11,47,"","星期六","xingqiliu"
1022,11,50,"","假日","jiari"
1023,11,51,"","休息","xiuxi"
1024,11,60,"","长期","changqi"
1025,11,61,"","短期","duanqi"
1026,11,70,"","日期","riqi"
1027,11,75,"","秒","miao"
1028,11,74,"","分钟","fenzhong"
1029,11,71,"","小时","xiaoshi"
1030,11,73,"","月","yue"
1031,11,72,"","年","nian"
1032,11,120,"","1月","yiyue"
1033,11,121,"","2月","eryue"
1034,11,122,"","3月","sanyue"
1035,11,123,"","4月","siyue"
1036,11,124,"","5月","wuyue"
1037,11,125,"","6月","liuyue"
1038,11,126,"","7月","qiyue"
1039,11,127,"","8月","bayue"
1040,11,128,"","9月","jiuyue"
1041,11,129,"","10月","shiyue"
1042,11,130,"","11月","shiyiyue"
1043,11,131,"","12月","shieryue"
1044,11,81,"","上个月","shanggeyue"
1045,11,80,"","这个月","zhegeyue"
1046,11,82,"","下个月","xiageyue"
1047,11,84,"","去年","qunian"
1048,11,83,"","今年","jinnian"
1049,11,85,"","明年","mingnian"
1050,11,90,"","现在","xianzai"
1051,11,91,"","马上","mashang"
1052,11,92,"","任何时候","renheshihou"
1053,11,100,"","最初","zuichu"
1054,11,101,"","最后","zuihou"
1055,11,110,"","等待时间","dengdaishijian"
1056,11,111,"","剩余时间","shengyushijian"
1057,11,112,"","结束时间","jieshushijian"
1058,11,140,"","第六星历","diliuxingli"
1059,11,141,"","第七灵灾","diqilingzai"
1060,11,142,"","第七星历","diqixingli"
1061,11,93,"","之前","zhiqian"
1062,11,94,"","之后","zhihou"
1150,13,0,"@","【移动方式】","yidongfangshi."
1151,13,2,"","行走","xingzou"
1152,13,1,"","奔跑","benpao"
1153,13,3,"","跟随","gensui"
1154,13,10,"","陆行鸟","luxingniao"
1155,13,11,"","专属陆行鸟","zhuanshuluxingniao"
1156,13,12,"","租借陆行鸟","zujieluxingniao"
1157,13,13,"","陆行鸟运输","luxingniaoyunshu"
1158,13,20,"","坐骑","zuoqi"
1159,13,30,"","传送","chuansong"
1160,13,31,"","返回","fanhui"
1161,13,33,"","都市传送网","dushichuansongwang"
1162,13,34,"","飞空艇","feikongting"
1163,13,32,"","返回点","fanhuidian"
1164,13,35,"","定期船","dingqichuan"
1165,13,21,"","飞行坐骑","feixingzuoqi"
1200,14,0,"@","【设施】","sheshi."
1201,14,10,"","以太之光","yitaizhiguang"
1202,14,11,"","城内以太之晶","chengneiyitaizhijing"
1203,14,20,"","冒险者行会","maoxianzhehanghui"
1204,14,21,"","行会","hanghui"
1205,14,30,"","商店","shangdian"
1206,14,31,"","陆行鸟栏","luxingniaolan"
1207,14,90,"","旅馆","lvguan"
1208,14,32,"","客房","kefang"
1209,14,42,"","休息区","xiuxiqu"
1210,14,39,"","行会理符发行处","hanghuilifufaxingchu"
1211,14,40,"","通讯贝办理处","tongxunbeibanlichu"
1212,14,33,"","市场布告板","shichangbugaoban"
1213,14,41,"","雇员窗口","guyuanchuangkou"
1214,14,34,"","修理工","xiuligong"
1215,14,71,"","飞艇坪","feitingping"
1216,14,35,"","邮差莫古力","youchaimoguli"
1217,14,72,"","码头","matou"
1218,14,73,"","渡轮码头","dulunmatou"
1219,14,70,"","搭乘点","dachengdian"
1220,14,80,"","黑涡军令部","heiwojunlingbu"
1221,14,81,"","蛇巢司令部","shechaosilingbu"
1222,14,82,"","恒辉作战总部","henghuizuozhanzongbu"
1223,14,91,"","冒险者住宅区","maoxianzhezhuzhaiqu"
1224,14,60,"","竞技场接待处","jingjichangjiedaichu"
1225,14,36,"","怪物狩猎告示板","guaiwushouliegaoshiban"
1226,14,37,"","天气预报员","tianqiyubaoyuan"
1227,14,100,"","美容师传唤铃","meirongshichuanhuanling"
1228,14,92,"","扩建区","kuojianqu"
1229,14,101,"","管弦乐琴","guanxianyueqin"
1230,14,50,"","木人","muren"
1231,14,38,"","魔晶石师傅","mojingshishifu"
1232,14,93,"","公寓","gongyu"
1233,14,102,"","投影台","touyingtai"
1234,14,110,"","交流簿","jiaoliubu"
1235,14,103,"","收藏柜","shoucanggui"
1236,14,104,"","旅行笔录","lvxingbilu"
1250,15,0,"@","【大国防联军】","daguofanglianjun."
1251,15,1,"","大国防联军","daguofanglianjun"
1252,15,2,"","军衔","junxian"
1253,15,3,"","军需品","junxupin"
1254,15,4,"","补给品","bujipin"
1255,15,5,"","稀有品","xiyoupin"
1256,15,6,"","黑涡团","heiwotuan"
1257,15,7,"","双蛇党","shuangshedang"
1258,15,8,"","恒辉队","henghuidui"
1270,16,0,"@","【部队】","budui."
1271,16,1,"","部队","budui"
1272,16,2,"","署名","shuming"
1273,16,3,"","部队公告","buduigonggao"
1274,16,4,"","部队储物柜","buduichuwugui"
1275,16,5,"","部队队徽","buduiduihui"
1276,16,6,"","部队特效","buduitexiao"
1277,16,7,"","部队合建","buduihejian"
1278,16,8,"","部队工房","buduigongfang"
1279,16,9,"","飞空艇探索","feikongtingtansuo"
1280,16,10,"","潜水艇探索","qianshuitingtansuo"
1300,17,0,"@","【游戏系统】","youxixitong."
1301,17,1,"","职业","zhiye"
1302,17,2,"","转职","zhuanzhi"
1303,17,3,"","特职","tezhi"
1304,17,4,"","转换特职","zhuanhuantezhi"
1305,17,6,"","灵魂水晶","linghunshuijing"
1306,17,10,"","等级","dengji"
1307,17,11,"","经验值","jingyanzhi"
1308,17,500,"","守护神","shouhushen"
1309,17,501,"","民族","minzu"
1310,17,502,"","部族","buzu"
1311,17,700,"","地区","diqu"
1312,17,5,"","兵装","bingzhuang"
1313,17,23,"","道具","daoju"
1314,17,801,"","套装","taozhuang"
1315,17,12,"","休息奖励","xiuxijiangli"
1316,17,50,"","单人","danren"
1317,17,51,"","小队","xiaodui"
1318,17,200,"","坐骑","zuoqi"
1319,17,201,"","宠物","chongwu"
1320,17,202,"","雇员","guyuan"
1321,17,20,"","战斗","zhandou"
1322,17,21,"","制作","zhizuo"
1323,17,22,"","采集","caiji"
1324,17,24,"","耐久度","naijiudu"
1325,17,25,"","精炼度","jingliandu"
1326,17,26,"","装备适性","zhuangbeishixing"
1327,17,60,"","宝箱","baoxiang"
1328,17,210,"","目标","mubiao"
1329,17,213,"","锁定","suoding"
1330,17,211,"","焦点目标","jiaodianmubiao"
1331,17,214,"","目标标记","mubiaobiaoji"
1332,17,800,"","菜单","caidan"
1333,17,803,"","地图","ditu"
1334,17,810,"","服务台","fuwutai"
1335,17,820,"","截图","jietu"
1336,17,811,"","返回标题画面","fanhuibiaotihuamian"
1337,17,812,"","退出游戏","tuichuyouxi"
1338,17,813,"","关闭","guanbi"
1339,17,821,"","定型文","dingxingwen"
1340,17,802,"","情感动作","qinggandongzuo"
1341,17,80,"","成就","chengjiu"
1342,17,81,"","称号","chenghao"
1343,17,100,"","货币","huobi"
1344,17,101,"","金币","jinbi"
1345,17,91,"","交易","jiaoyi"
1346,17,90,"","调查","diaocha"
1347,17,92,"","自动跟随","zidonggensui"
1348,17,52,"","团队","tuandui"
1349,17,380,"","房屋","fangwu"
1350,17,391,"","友好度","youhaodu"
1351,17,392,"","友好关系等级","youhaoguanxidengji"
1352,17,70,"","最优队员","zuiyouduiyuan"
1353,17,150,"","亚拉戈神典石","yalageshendianshi"
1356,17,73,"","投票驱逐","toupiaoquzhu"
1357,17,72,"","放弃任务投票","fangqirenwutoupiao"
1358,17,215,"","场景标记","changjingbiaoji"
1359,17,212,"","地面目标","dimianmubiao"
1360,17,350,"","武具投影","wujutouying"
1362,17,351,"","美容师","meirongshi"
1363,17,302,"","雇员探险","guyuantanxian"
1364,17,400,"","魂晶","hunjing"
1365,17,410,"","黄道武器","huangdaowuqi"
1366,17,401,"","星光变石","xingguangbianshi"
1367,17,412,"","魂灵","hunling"
1368,17,413,"","新星","xinxing"
1369,17,103,"","同盟徽章","tongmenghuizhang"
1370,17,300,"","怪物通缉令","guaiwutongjiling"
1371,17,301,"","法外战区","fawaizhanqu"
1372,17,550,"","超越之力","chaoyuezhili"
1373,17,381,"","饲养陆行鸟","siyangluxingniao"
1374,17,303,"","天气预报","tianqiyubao"
1375,17,154,"","亚拉戈诗学神典石","yalageshixueshendianshi"
1376,17,390,"","贡献值","gongxianzhi"
1377,17,102,"","军票","junpiao"
1378,17,105,"","狼印战绩","langyinzhanji"
1379,17,411,"","天极","tianji"
1380,17,414,"","镇魂","zhenhun"
1381,17,104,"","兵团徽章","bingtuanhuizhang"
1384,17,63,"","队长分配","duizhangfenpei"
1385,17,62,"","仅限贪婪","jinxiantanlan"
1386,17,61,"","通常分配","tongchangfenpei"
1387,17,420,"","元灵武器","yuanlingwuqi"
1389,17,352,"","永结同心","yongjietongxin"
1390,17,12,"","物品品级","wupinpinji"
1391,17,13,"","等级调整","dengjitiaozheng"
1392,17,353,"","天书奇谈","tianshuqitan"
1396,17,71,"","解除限制","jiechuxianzhi"
1397,17,354,"","乐器演奏","yueqiyanzou"
1398,17,356,"","时尚品鉴","shishangpinjian"
1400,18,0,"@","【战斗】","zhandou."
1401,18,1,"","攻击","gongji"
1402,18,2,"","技能","jineng"
1403,18,6,"","共通技能","gongtongjineng"
1404,18,26,"","特性","texing"
1405,18,3,"","特职技能","tezhijineng"
1406,18,5,"","额外技能","ewaijineng"
1407,18,22,"","魔法","mofa"
1408,18,21,"","战技","zhanji"
1409,18,23,"","能力","nengli"
1410,18,24,"","咏唱时间","yongchangshijian"
1411,18,25,"","复唱时间","fuchangshijian"
1412,18,27,"","行动适性","xingdongshixing"
1413,18,56,"","链接","lianjie"
1414,18,31,"","召唤兽","zhaohuanshou"
1415,18,32,"","搭档","dadang"
1416,18,53,"","仇恨","chouhen"
1417,18,54,"","主动","zhudong"
1418,18,55,"","被动","beidong"
1419,18,59,"","无法战斗","wufazhandou"
1420,18,70,"","战利品","zhanlipin"
1421,18,72,"","分配","fenpei"
1422,18,71,"","掷骰","zhitou"
1423,18,29,"","抗性","kangxing"
1424,18,28,"","习得","xide"
1425,18,57,"","索敌","suodi"
1426,18,58,"","范围","fanwei"
1427,18,7,"","极限技","jixianji"
1428,18,50,"","敌人","diren"
1429,18,51,"","魔物","mowu"
1430,18,52,"","恶名精英","emingjingying"
1432,18,81,"","连锁奖励","liansuojiangli"
1433,18,80,"","兵装转换奖励","bingzhuangzhuanhuanjiangli"
1434,18,83,"","等级同步","dengjitongbu"
1435,18,8,"","对战技能","duizhanjineng"
1436,18,102,"","范围攻击","fanweigongji"
1437,18,104,"","前方范围攻击","qianfangfanweigongji"
1438,18,105,"","后方范围攻击","houfangfanweigongji"
1439,18,103,"","全体攻击","quantigongji"
1440,18,300,"","前哨","qianshao"
1441,18,301,"","庄园遗迹","zhuangyuanyiji"
1442,18,302,"","据点","judian"
1443,18,303,"","军旗","junqi"
1444,18,304,"","占领","zhanling"
1445,18,305,"","中立化","zhonglihua"
1446,18,306,"","战术值","zhanshuzhi"
1447,18,307,"","市场遗迹","shichangyiji"
1448,18,308,"","太阳神殿","taiyangshendian"
1449,18,30,"","连击","lianji"
1450,18,20,"","奋战技","fenzhanji"
1451,18,100,"","单体攻击","dantigongji"
1452,18,90,"","弩炮","nupao"
1453,18,309,"","亚拉戈石文","yalageshiwen"
1454,18,200,"","利爪队","lizhuadui"
1455,18,201,"","尖牙队","jianyadui"
1456,18,203,"","战章","zhanzhang"
1458,18,206,"","危急时刻","weijishike"
1462,18,210,"","奋战补给箱","fenzhanbujixiang"
1466,18,211,"","奋战道具包","fenzhandaojubao"
1467,18,214,"","补给箱","bujixiang"
1468,18,215,"","击晕","jiyun"
1469,18,216,"","击倒","jidao"
1470,18,217,"","助攻","zhugong"
1471,18,101,"","连续攻击","lianxugongji"
1472,18,106,"","突进攻击","tujingongji"
1473,18,107,"","击退","jitui"
1474,18,108,"","吸引","xiyin"
1475,18,310,"","冰封的石文","bingfengdeshiwen"
1476,18,311,"","情报值","qingbaozhi"
1477,18,212,"","狼心","langxin"
1478,18,213,"","狼心包","langxinbao"
1479,18,400,"","核心","hexin"
1480,18,401,"","魔导结界","modaojiejie"
1481,18,402,"","防御塔","fangyuta"
1482,18,403,"","机库","jiku"
1483,18,404,"","青磷水","qinglinshui"
1484,18,405,"","动力发生器","donglifashengqi"
1485,18,406,"","蒸汽加农炮","zhengqijianongpao"
1486,18,407,"","自走维京人偶","zizouweijingrenou"
1487,18,408,"","自走法师人偶","zizoufashirenou"
1488,18,409,"","机动兵器","jidongbingqi"
1489,18,410,"","巡航驱逐者","xunhangquzhuzhe"
1490,18,411,"","压迫者","yapozhe"
1491,18,412,"","残暴正义号","canbaozhengyihao"
1492,18,4,"","职能技能","zhinengjineng"
1494,18,202,"","快捷发言","kuaijiefayan"
1496,18,413,"","青磷机车","qinglinjiche"
1497,18,415,"","哥布林坦克","gebulintanke"
1498,18,416,"","哥布林佣兵","gebulinyongbing"
1499,18,312,"","战略值","zhanlvezhi"
1500,19,0,"@","【在线状态】","zaixianzhuangtai."
1501,19,1,"","在线","zaixian"
1502,19,5,"","离开","likai"
1503,19,6,"","忙碌","manglu"
1504,19,8,"","希望组队","xiwangzudui"
1505,19,9,"","接受镶嵌魔晶石请求","jieshouxiangqianmojingshiqingqiu"
1506,19,3,"","任务中","renwuzhong"
1507,19,2,"","离线","lixian"
1508,19,4,"","队员招募中","duiyuanzhaomuzhong"
1509,19,11,"","新人","xinren"
1510,19,13,"","指导者","zhidaozhe"
1511,19,14,"","战斗指导者","zhandouzhidaozhe"
1512,19,15,"","对战指导者","duizhanzhidaozhe"
1513,19,16,"","制作采集指导者","zhizuocaijizhidaozhe"
1514,19,10,"","角色扮演中","juesebanyanzhong"
1515,19,11,"","回归者","huiguizhe"
1516,19,7,"","过场剧情中","guochangjuqingzhong"
1521,18,313,"","无垢的大地","wugoudedadi"
1522,18,314,"","契约","qiyue"
1523,18,600,"","战术水晶","zhanshushuijing"
1524,18,601,"","水晶点","shuijingdian"
1525,18,602,"","胜利之星","shenglizhixing"
1526,18,603,"","星极队","xingjidui"
1527,18,604,"","灵极队","lingjidui"
1528,18,9,"","任务指令","renwuzhiling"
1529,18,315,"","兵器传送装置","bingqichuansongzhuangzhi"
1530,18,316,"","传送装置","chuansongzhuangzhi"
1531,18,317,"","截击无人机","jiejiwurenji"
1532,18,318,"","截击无人机α","jiejiwurenjiaerfa"
1533,18,319,"","截击指挥系统","jiejizhihuixitong"
1534,18,320,"","截击系统","jiejixitong"
1550,20,0,"@","【社交】","shejiao."
1551,20,1,"","聊天","liaotian"
1552,20,3,"","悄悄话","qiaoqiaohua"
1553,20,2,"","说话","shuohua"
1554,20,4,"","喊话","hanhua"
1555,20,5,"","呼喊","huhan"
1556,20,20,"","好友名单","haoyoumingdan"
1557,20,21,"","黑名单","heimingdan"
1558,20,23,"","玩家搜索","wanjiasousuo"
1559,20,24,"","通讯贝","tongxunbei"
1560,20,26,"","莫古邮件","moguyoujian"
1564,20,33,"","论坛","luntan"
1565,20,34,"","排名","paiming"
1566,20,35,"","军内排名","junneipaiming"
1567,20,36,"","部队排名","buduipaiming"
1568,20,6,"","小队","xiaodui"
1569,20,7,"","团队","tuandui"
1570,20,8,"","通讯贝","tongxunbei"
1571,20,9,"","部队","budui"
1572,20,10,"","新人","xinren"
1573,20,11,"","战队","zhandui"
1574,20,12,"","跨服通讯贝","kuafutongxunbei"
1575,20,25,"","跨服通讯贝","kuafutongxunbei"
1576,20,22,"","战友列表","zhanyouliebiao"
1600,22,0,"@","【采集与制作】","caijiyuzhizuo."
1601,22,1,"","碎晶","suijing"
1602,22,2,"","水晶","shuijing"
1603,22,3,"","晶簇","jingcu"
1604,22,20,"","魔晶石","mojingshi"
1605,22,21,"","精制魔晶石","jingzhimojingshi"
1606,22,22,"","魔晶石工艺","mojingshigongyi"
1607,22,30,"","市场","shichang"
1608,22,31,"","搜索道具","sousuodaoju"
1609,22,10,"","优质","youzhi"
1610,22,11,"","珍稀","zhenxi"
1611,22,12,"","独占","duzhan"
1612,22,40,"","素材","sucai"
1613,22,41,"","简易制作","jianyizhizuo"
1614,22,42,"","品质","pinzhi"
1615,22,43,"","高品质","gaopinzhi"
1616,22,44,"","最高品质","zuigaopinzhi"
1617,22,50,"","修理","xiuli"
1618,22,51,"","修理品","xiulipin"
1619,22,60,"","染色","ranse"
1620,22,70,"","良材","liangcai"
1621,22,71,"","采伐","caifa"
1622,22,72,"","割草","gecao"
1623,22,73,"","矿脉","kuangmai"
1624,22,74,"","采掘","caijue"
1625,22,75,"","碎石","suishi"
1626,22,90,"","钓鱼","diaoyu"
1627,22,23,"","镶嵌魔晶石","xiangqianmojingshi"
1628,22,24,"","禁忌镶嵌","jinjixiangqian"
1629,22,200,"","栽培","zaipei"
1630,22,201,"","培育","peiyu"
1631,22,202,"","收获","shouhuo"
1632,22,45,"","秘籍","miji"
1633,22,100,"","分解","fenjie"
1634,22,91,"","钓场之王","diaochangzhiwang"
1635,22,92,"","放生","fangsheng"
1636,22,76,"","未知的采集地点","weizhidecaijididian"
1637,22,13,"","收藏品","shoucangpin"
1638,22,101,"","专家","zhuanjia"
1639,22,102,"","护符","hufu"
1640,22,103,"","传承录","chuanchenglu"
1642,22,160,"","大地工票","dadigongpiao"
1649,22,154,"","巧手白票","qiaoshoubaipiao"
1650,22,164,"","大地白票","dadibaipiao"
1651,22,77,"","简易采集","jianyicaiji"
1652,22,78,"","制作练习","zhizuolianxi"
1653,22,252,"","天穹街振兴票","tianqiongjiezhenxingpiao"
1654,22,14,"","收藏价值","shoucangjiazhi"
1655,22,155,"","巧手紫票","qiaoshouzipiao"
1656,22,165,"","大地紫票","dadizipiao"
1657,22,93,"","刺鱼","ciyu"
1658,22,79,"","开拓采集","kaituocaiji"
1659,22,80,"","开拓制作","kaituozhizuo"
1660,22,180,"","谢尔达莱青船币","xieerdalaiqingchuanbi"
1661,22,181,"","谢尔达莱绿岛币","xieerdalailvdaobi"
1662,22,81,"","大地使者职能技能","dadishizhezhinengjineng"
1663,22,156,"","巧手橙票","qiaoshouchengpiao"
1664,22,166,"","大地橙票","dadichengpiao"
1665,22,182,"","宇宙信用点","yuzhouxinyongdian"
1666,22,183,"","月球信用点","yueqiuxinyongdian"
1667,22,184,"","法恩娜信用点","faennaxinyongdian"
1900,23,0,"@","【蛮神与蛮族】","manshenyumanzu."
1901,23,1,"","蛮神","manshen"
1902,23,10,"","伊弗利特","yifulite"
1903,23,11,"","泰坦","taitan"
1904,23,12,"","迦楼罗","jialouluo"
1905,23,18,"","巴哈姆特","bahamute"
1906,23,13,"","莫古尔·莫古十二世","moguermogushiershi"
1907,23,2,"","蛮族","manzu"
1908,23,101,"","蜥蜴人","xiyiren"
1909,23,102,"","妖精","yaojing"
1910,23,103,"","鸟人","niaoren"
1911,23,104,"","地灵","diling"
1912,23,105,"","鱼人","yuren"
1913,23,14,"","利维亚桑","liweiyasang"
1914,23,15,"","拉姆","lamu"
1915,23,16,"","希瓦","xiwa"
1916,23,32,"","亚历山大","yalishanda"
1917,23,30,"","罗波那","luobona"
1918,23,31,"","俾斯麦","bisimai"
1919,23,110,"","骨颌族","guhezu"
1920,23,111,"","瓦努族","wanuzu"
1921,23,106,"","哥布林","gebulin"
1922,23,113,"","龙族","longzu"
1923,23,33,"","尼德霍格","nidehuoge"
1924,23,34,"","萨菲洛特","safeiluote"
1925,23,35,"","索菲娅","suofeiya"
1926,23,36,"","祖尔宛","zuerwan"
1927,23,112,"","甲人族","jiarenzu"
1928,23,120,"","阿难陀族","anantuozu"
1929,23,40,"","须佐之男","xuzuozhinan"
1930,23,41,"","吉祥天女","jixiangtiannv"
1931,23,42,"","神龙","shenlong"
1932,23,43,"","欧米茄","oumijia"
1933,23,44,"","白虎","baihu"
1934,23,45,"","月读","yuedu"
1935,23,114,"","莫古力","moguli"
1936,23,121,"","鲶鱼精","nianyujing"
1937,23,17,"","不死鸟","businiao"
1938,23,19,"","奥丁","aoding"
1939,23,46,"","朱雀","zhuque"
1940,23,47,"","青龙","qinglong"
1941,23,48,"","缇坦妮雅","titanniya"
1942,23,49,"","无瑕灵君","wuxialingjun"
1943,23,50,"","哈迪斯","hadisi"
1944,23,122,"","矮人族","airenzu"
1945,23,123,"","仙子族","xianzizu"
1946,23,124,"","恩莫族","enmozu"
1947,23,125,"","奇塔利族","qitalizu"
1948,23,51,"","红宝石神兵","hongbaoshishenbing"
1949,23,52,"","光之战士","guangzhizhanshi"
1950,23,53,"","绿宝石神兵","lvbaoshishenbing"
1951,23,54,"","钻石神兵","zuanshishenbing"
1952,23,126,"","象魔族","xiangmozu"
1953,23,127,"","悌阳象族","tiyangxiangzu"
1954,23,128,"","兔兔族","tutuzu"
1955,23,55,"","佐迪亚克","zuodiyake"
1956,23,56,"","海德林","haidelin"
1957,23,129,"","奥密克戎族","aomikerongzu"
1958,23,57,"","巴尔巴莉希娅","baerbalixiya"
1959,23,58,"","卢比坎特","lubikante"
1960,23,59,"","高贝扎","gaobeizha"
1961,23,60,"","泽罗姆斯","zeluomusi"
1962,23,130,"","佩鲁佩鲁族","peilupeiluzu"
1963,23,131,"","莫布林族","mobulinzu"
1964,23,132,"","辉鳞族","huilinzu"
1965,23,133,"","尤卡巨人族","youkajurenzu"
1966,23,134,"","哈努族","hanuzu"
1967,23,61,"","艳翼蛇鸟","yanyisheniao"
1968,23,62,"","佐拉加","zuolajia"
1969,23,63,"","永恒女王","yonghengnvwang"
1970,23,64,"","泽莲尼娅","zelianniya"
2000,24,0,"@","【任务】","renwu."
2001,24,100,"","任务副本","renwufuben"
2002,24,1,"","任务","renwu"
2003,24,2,"","主线任务","zhuxianrenwu"
2004,24,3,"","支线任务","zhixianrenwu"
2005,24,4,"","职业任务","zhiyerenwu"
2006,24,5,"","特职任务","tezhirenwu"
2007,24,6,"","军队任务","junduirenwu"
2008,24,101,"","危命任务","weimingrenwu"
2009,24,600,"","行会理符","hanghuilifu"
2010,24,601,"","理符任务","lifurenwu"
2011,24,602,"","佣兵任务","yongbingrenwu"
2012,24,603,"","采集任务","caijirenwu"
2013,24,604,"","制作任务","zhizuorenwu"
2015,24,606,"","军队理符","junduilifu"
2017,24,608,"","理符连接","lifulianjie"
2018,24,609,"","理符受理限额","lifushoulixiane"
2019,24,610,"","理符难度","lifunandu"
2020,24,500,"","行会令","hanghuiling"
2021,24,1000,"","迷宫","migong"
2022,24,2000,"","讨伐战","taofazhan"
2023,24,2001,"","歼灭战","jianmiezhan"
2024,24,2002,"","强攻战","qianggongzhan"
2025,24,3000,"","大型任务","daxingrenwu"
2026,24,6101,"","竞技场","jingjichang"
2027,24,1005,"","托托·拉克千狱","tuotuolakeqianyu"
2028,24,1002,"","塔姆·塔拉墓园","tamutalamuyuan"
2029,24,1003,"","铜铃铜山","tonglingtongshan"
2030,24,1001,"","沙斯塔夏溶洞","shasitaxiarongdong"
2031,24,1012,"","黄金谷","huangjingu"
2032,24,1006,"","静语庄园","jingyuzhuangyuan"
2033,24,1004,"","日影地修炼所","riyingdixiuliansuo"
2034,24,1007,"","布雷福洛克斯野营地","buleifuluokesiyeyingdi"
2035,24,1008,"","喀恩埋没圣堂","kaenmaimoshengtang"
2036,24,1013,"","放浪神古神殿","fanglangshengushendian"
2037,24,1010,"","石卫塔","shiweita"
2038,24,1009,"","樵鸣洞","qiaomingdong"
2039,24,1011,"","泽梅尔要塞","zemeieryaosai"
2040,24,1016,"","无限城古堡","wuxianchenggubao"
2041,24,1014,"","帝国南方堡","diguonanfangbao"
2042,24,1015,"","天幕魔导城","tianmumodaocheng"
2043,24,501,"","完成集团战训练！","wanchengjituanzhanxunlian"
2044,24,502,"","讨伐彷徨死灵！","taofapanghuangsiling"
2045,24,503,"","突破所有关门，讨伐最深处的敌人！","tuposuoyouguanmentaofazuishenchudediren"
2046,24,504,"","捕获金币龟！","buhuojinbigui"
2047,24,505,"","驱除剧毒妖花！","quchujuduyaohua"
2048,24,506,"","消灭恶徒团伙寄生蜂团！","xiaomieetutuanhuojishengfengtuan"
2049,24,507,"","讨伐梦幻之布拉奇希奥！","taofamenghuanzhibulaqixiao"
2050,24,508,"","击溃哥布林炸弹军团！","jikuigebulinzhadanjuntuan"
2051,24,509,"","讨伐污染源头魔界花！","taofawuranyuantoumojiehua"
2052,24,510,"","讨伐坑道中出现的妖异！","taofakengdaozhongchuxiandeyaoyi"
2053,24,511,"","注意无敌的眷属，讨伐大型妖异！","zhuyiwudidejuanshutaofadaxingyaoyi"
2054,24,512,"","讨伐爆弹怪的女王！","taofabaodanguaidenvwang"
2055,24,513,"","歼灭特殊阵型的妖异！","jianmieteshuzhenxingdeyaoyi"
2056,24,514,"","制止三方混战的巨人族，守住遗物！","zhizhisanfanghunzhandejurenzushouzhuyiwu"
2057,24,2010,"","伊弗利特讨伐战","yifulitetaofazhan"
2058,24,2015,"","泰坦讨伐战","taitantaofazhan"
2059,24,2020,"","迦楼罗讨伐战","jialouluotaofazhan"
2060,24,2011,"","伊弗利特歼灭战","yifulitejianmiezhan"
2061,24,2016,"","泰坦歼灭战","taitanjianmiezhan"
2062,24,2021,"","迦楼罗歼灭战","jialouluojianmiezhan"
2063,24,2025,"","里塔提恩强攻战","litatienqianggongzhan"
2064,24,3010,"","巴哈姆特大迷宫","bahamutedamigong"
2065,24,6100,"","狼狱水上竞技场","langyushuishangjingjichang"
2066,24,2012,"","伊弗利特歼殛战","yifulitejianjizhan"
2067,24,2017,"","泰坦歼殛战","taitanjianjizhan"
2068,24,2022,"","迦楼罗歼殛战","jialouluojianjizhan"
2069,24,2030,"","莫古力贤王歼灭战","mogulixianwangjianmiezhan"
2070,24,2035,"","究极神兵假想作战","jiujishenbingjiaxiangzuozhan"
2071,24,3501,"","水晶塔","shuijingta"
2072,24,3012,"","邂逅之章","xiehouzhizhang"
2073,24,3502,"","古代人迷宫","gudairenmigong"
2074,24,300,"","解读","jiedu"
2075,24,301,"","困难模式","kunnanmoshi"
2076,24,110,"","随机任务","suijirenwu"
2077,24,3013,"","入侵之章","ruqinzhizhang"
2078,24,1020,"","天狼星灯塔","tianlangxingdengta"
2079,24,2031,"","莫古力贤王歼殛战","mogulixianwangjianjizhan"
2080,24,2040,"","利维亚桑歼灭战","liweiyasangjianmiezhan"
2081,24,2041,"","利维亚桑歼殛战","liweiyasangjianjizhan"
2082,24,2026,"","死化奇美拉讨伐战","sihuaqimeilataofazhan"
2083,24,2027,"","海德拉讨伐战","haidelataofazhan"
2084,24,2045,"","大桥上的决斗","daqiaoshangdejuedou"
2085,24,6000,"","对战","duizhan"
2086,24,10,"","友好部族任务","youhaobuzurenwu"
2087,24,11,"","友好部族日常任务","youhaobuzurichangrenwu"
2088,24,12,"","友好部族剧情任务","youhaobuzujuqingrenwu"
2089,24,20,"","支线剧情任务","zhixianjuqingrenwu"
2090,24,104,"","寻宝","xunbao"
2091,24,21,"","编年史任务","biannianshirenwu"
2092,24,22,"","季节活动","jijiehuodong"
2093,24,1021,"","无限城市街古迹","wuxianchengshijieguji"
2094,24,310,"","黄道文书","huangdaowenshu"
2095,24,311,"","天球书卷","tianqiushujuan"
2096,24,105,"","怪物狩猎","guaiwushoulie"
2097,24,106,"","恶名精英狩猎","emingjingyingshoulie"
2098,24,2050,"","拉姆歼灭战","lamujianmiezhan"
2099,24,2051,"","拉姆歼殛战","lamujianjizhan"
2100,24,3503,"","希尔科斯塔","xierkesita"
2101,24,3011,"","巴哈姆特零式大迷宫","bahamutelingshidamigong"
2102,24,6201,"","加尔提诺平原","jiaertinuopingyuan"
2103,24,1022,"","破舰岛","pojiandao"
2104,24,6200,"","纷争前线","fenzhengqianxian"
2106,24,112,"","高难度","gaonandu"
2108,24,3014,"","真源之章","zhenyuanzhizhang"
2109,24,2055,"","希瓦歼灭战","xiwajianmiezhan"
2110,24,2056,"","希瓦歼殛战","xiwajianjizhan"
2111,24,1023,"","披雪大冰壁","pixuedabingbi"
2112,24,2060,"","艾玛吉娜杯斗技大会决赛","aimajinabeidoujidahuijuesai"
2113,24,23,"","供应任务","gongyingrenwu"
2114,24,2061,"","奥丁歼灭战","aodingjianmiezhan"
2115,24,3504,"","暗之世界","anzhishijie"
2117,24,6203,"","周边遗迹群（阵地战）","zhoubianyijiqunzhendizhan"
2119,24,1024,"","密约之塔","miyuezhita"
2120,24,2046,"","无限城的死斗","wuxianchengdesidou"
2121,24,320,"","无影","wuying"
2122,24,321,"","虚无界","xuwujie"
2123,24,1104,"","迦巴勒幻想图书馆","jiabalehuanxiangtushuguan"
2124,24,1106,"","不获岛","buhuodao"
2125,24,1103,"","伊修加德教皇厅","yixiujiadejiaohuangting"
2126,24,1107,"","无限回廊","wuxianhuilang"
2127,24,1100,"","暮卫塔","muweita"
2128,24,1101,"","索姆阿尔灵峰","suomuaerlingfeng"
2129,24,1105,"","魔科学研究所","mokexueyanjiusuo"
2130,24,1102,"","龙巢神殿","longchaoshendian"
2131,24,2100,"","罗波那歼灭战","luobonajianmiezhan"
2132,24,2101,"","罗波那歼殛战","luobonajianjizhan"
2133,24,2105,"","俾斯麦歼灭战","bisimaijianmiezhan"
2134,24,2106,"","俾斯麦歼殛战","bisimaijianjizhan"
2135,24,6205,"","尘封秘岩（争夺战）","chenfengmiyanzhengduozhan"
2137,24,3050,"","亚历山大机神城","yalishandajigongcheng"
2138,24,3051,"","亚历山大零式机神城","yalishandalingshijigongcheng"
2139,24,3052,"","启动之章","qidongzhizhang"
2140,24,2065,"","那布里亚勒斯讨伐战","nabuliyalesitaofazhan"
2141,24,2066,"","皇都伊修加德保卫战","huangduyixiujiadebaoweizhan"
2142,24,2110,"","圆桌骑士歼灭战","yuanzhuoqishijianmiezhan"
2143,24,611,"","神殿骑士团理符","shendianqishituanlifu"
2144,24,1108,"","圣茉夏娜植物园","shengmoxianazhiwuyuan"
2145,24,3510,"","玛哈之影","mahazhiying"
2146,24,3511,"","魔航船虚无方舟","mohangchuanxuwufangzhou"
2147,24,102,"","初学者学堂","chuxuezhexuetang"
2148,24,1109,"","颠倒塔","diandaota"
2149,24,3053,"","律动之章","lvdongzhizhang"
2150,24,2120,"","萨菲洛特歼灭战","safeiluotejianmiezhan"
2151,24,2121,"","萨菲洛特歼殛战","safeiluotejianjizhan"
2153,24,6103,"","群狼盛宴","qunlangshengyan"
2154,24,103,"","木人歼灭战","murenjianmiezhan"
2155,24,1110,"","忆罪宫","yizuigong"
2156,24,3512,"","禁忌城邦玛哈","jinjichengbangmaha"
2157,24,4000,"","深层迷宫","shencengmigong"
2158,24,4001,"","死者宫殿","sizhegongdian"
2159,24,2115,"","尼德霍格征龙战","nidehuogezhenglongzhan"
2160,24,2116,"","尼德霍格传奇征龙战","nidehuogechuanqizhenglongzhan"
2161,24,6207,"","荣誉野（碎冰战）","rongyuyesuibingzhan"
2163,24,6001,"","决斗","juedou"
2164,24,1111,"","塞尔法特尔","saierfateer"
2165,24,2125,"","索菲娅歼灭战","suofeiyajianmiezhan"
2166,24,2126,"","索菲娅歼殛战","suofeiyajianjizhan"
2167,24,3054,"","天动之章","tiandongzhizhang"
2168,24,1112,"","巴埃萨长城","baaisachangcheng"
2169,24,3513,"","影之国","yingzhiguo"
2170,24,2130,"","祖尔宛歼灭战","zuerwanjianmiezhan"
2171,24,2131,"","祖尔宛歼殛战","zuerwanjianjizhan"
2172,24,1201,"","紫水宫","zishuigong"
2173,24,1202,"","巴儿达木霸道","baerdamubadao"
2174,24,1203,"","多玛王城","duomawangcheng"
2175,24,1204,"","帝国白山堡","diguobaishanbao"
2176,24,2200,"","须佐之男歼灭战","xuzuozhinanjianmiezhan"
2177,24,2201,"","须佐之男歼殛战","xuzuozhinanjianjizhan"
2178,24,2205,"","吉祥天女歼灭战","jixiangtiannvjianmiezhan"
2179,24,2206,"","吉祥天女歼殛战","jixiangtiannvjianjizhan"
2180,24,2210,"","神龙歼灭战","shenlongjianmiezhan"
2181,24,3100,"","欧米茄时空狭缝","oumijiashikongxiafeng"
2182,24,3101,"","欧米茄零式时空狭缝","oumijialingshishikongxiafeng"
2183,24,3102,"","德尔塔幻境","deertahuanjing"
2184,24,1207,"","星导寺","xingdaosi"
2185,24,1208,"","斯卡拉遗迹","sikalayiji"
2186,24,2211,"","神龙梦幻歼灭战","shenlongjianjizhan"
2187,24,3500,"","团队任务","tuanduirenwu"
2188,24,3520,"","重返伊瓦利斯","chongfanyiwalisi"
2189,24,3521,"","失落之都拉巴纳斯塔","shiluozhidulabanasita"
2190,24,3400,"","巴哈姆特绝境战","bahamutejuejingzhan"
2191,24,6300,"","烈羽争锋","lieyuzhengfeng"
2192,24,6301,"","距骨研究所（机动战）","juguyanjiusuojidongzhan"
2193,24,1209,"","狱之盖","yuzhigai"
2194,24,2215,"","白虎镇魂战","baihuzhenhunzhan"
2195,24,2216,"","白虎诗魂战","baihushihunzhan"
2196,24,3103,"","西格玛幻境","xigemahuanjing"
2197,24,4050,"","禁地优雷卡","jindiyouleika"
2198,24,4051,"","常风之地","changfengzhidi"
2200,49,0,"Mount[1-1,4-6,8-9,15-15,18-22,25-38,40-50,52-56,58-59,62-62,65-65,67-78,80-84,86-87,90-102,104-106,108-116,121-127,130-130,133-133,135-136,138-146,148-148,150-154,156-156,158-164,166-168,170-195,197-197,200-209,211-220,222-226,228-243,245-250,252-269,273-274,277-277,279-288,290-294,297-306,308-308,310-336,338-340,342-354,356-358,360-365,372-374,379-379,381-383,385-386,388-390,393-393,395-395,398-403,407-408]","【坐骑】","zuoqi."
2201,50,0,"ClassJob[1-42]","【职业与特职】","zhiyeyutezhi."
2202,51,0,"PlaceName[20-37,39-59,61-65,94-94,107-107,112-112,123-123,125-125,128-129,140-140,154-154,184-184,206-206,216-216,218-218,223-223,230-230,237-237,239-239,260-260,271-271,290-290,300-300,313-313,323-323,325-325,331-331,337-337,350-350,357-361,386-386,388-388,392-392,401-401,404-404,406-406,411-411,418-418,425-427,430-430,457-457,464-468,478-478,493-493,496-498,548-548,617-617,694-695,733-733,1301-1304,1334-1334,1363-1363,1374-1374,1377-1377,1390-1390,1399-1399,1406-1409,1431-1431,1436-1436,1484-1484,1500-1500,1628-1628,1633-1633,1638-1638,1645-1645,1647-1647,1664-1665,1708-1708,1714-1714,1723-1723,1731-1731,1740-1740,1742-1742,1759-1759,1792-1793,1799-1802,1805-1805,1807-1807,1809-1809,1835-1835,1841-1841,1847-1847,1853-1853,1857-1857,1868-1868,1884-1884,2000-2002,2018-2018,2025-2025,2031-2031,2034-2034,2038-2038,2042-2042,2046-2046,2050-2050,2081-2082,2088-2088,2090-2090,2099-2101,2116-2116,2123-2123,2130-2131,2147-2148,2151-2151,2178-2178,2181-2181,2200-2200,2204-2204,2214-2214,2256-2256,2265-2266,2295-2295,2297-2301,2310-2310,2327-2327,2340-2340,2354-2354,2357-2360,2367-2367,2372-2372,2383-2383,2400-2404,2406-2414,2448-2450,2462-2462,2483-2483,2485-2485,2496-2496,2499-2499,2510-2510,2529-2530,2545-2545,2549-2549,2586-2586,2589-2589,2613-2613,2634-2634,2646-2646,2660-2660,2665-2665,2670-2670,2691-2691,2693-2693,2707-2708,2715-2715,2717-2720,2725-2725,2727-2727,2736-2736,2762-2762,2769-2769,2773-2773,2775-2775,2779-2779,2793-2793,2801-2801,2805-2805,2810-2810,2813-2814,2822-2822,2833-2833,2850-2851,2864-2864,2936-2936,2950-2958,2979-2979,2982-2982,2985-2985,2997-2997,3007-3007,3017-3018,3044-3044,3050-3050,3057-3057,3075-3075,3094-3094,3105-3105,3122-3122,3129-3129,3135-3135,3139-3139,3147-3147,3156-3157,3170-3170,3179-3179,3195-3195,3205-3205,3214-3220,3222-3222,3229-3229,3378-3378,3385-3385,3425-3425,3435-3435,3442-3442,3467-3469,3477-3477,3486-3487,3492-3492,3511-3511,3534-3534,3568-3568,3581-3581,3590-3590,3595-3595,3597-3597,3620-3620,3635-3635,3644-3644,3647-3647,3662-3663,3684-3686,3700-3713,3736-3736,3759-3759,3769-3770,3783-3783,3797-3799,3818-3818,3833-3833,3850-3850,3852-3852,3880-3880,3886-3886,3894-3894,3903-3903,3915-3915,3926-3926,3928-3929,3938-3938,3949-3949,3966-3966,3973-3973,3978-3978,3983-3983,4015-4015,4042-4043,4090-4095,4098-4098,4100-4100,4111-4111,4118-4118,4135-4135,4139-4139,4146-4146,4154-4154,4167-4167,4180-4180,4196-4199,4227-4227,4249-4250,4258-4258,4270-4270,4287-4287,4289-4289,4296-4297,4307-4308,4338-4338,4358-4358,4362-4362,4375-4375,4377-4377,4383-4383,4416-4416,4431-4431,4441-4441,4443-4443,4480-4480,4500-4510,4540-4540,4550-4550,4562-4562,4582-4582,4595-4595,4598-4598,4602-4603,4614-4614,4625-4625,4659-4659,4664-4664,4667-4667,4678-4678,4685-4685,4694-4694,4700-4700,4713-4713,4721-4721,4754-4754,4909-4909,4926-4926,4932-4932,5000-5000,5007-5007,5027-5027,5102-5105,5114-5117,5126-5126,5137-5138,5153-5153,5155-5156,5175-5177,5219-5219,5240-5240,5266-5266,5276-5277,5284-5284,5297-5297,5301-5301]","【地名】","diming."
2203,52,0,"Race","【民族】","minzu."
2204,53,0,"Tribe","【部族】","buzu."
2205,54,0,"GuardianDeity[1-12]","【守护神】","shouhushen."
2206,55,0,"GeneralAction[1-10,12-22,24-27,31-42]","【共通技能】","gongtongjineng."
2207,56,0,"Action[9-9,15-17,20-24,27-31,37-38,40-46,48-49,51-54,56-56,61-62,65-66,69-70,74-75,78-78,83-88,90-90,92-92,94-94,96-98,100-101,106-107,110-110,112-114,116-121,124-125,127-127,131-133,135-137,139-142,144-144,147-147,149-149,152-159,162-163,166-167,172-173,181-181,185-186,188-190,197-208,210-211,215-215,218-218,220-222,224-224,227-228,232-232,235-235,237-241,260-260,268-269,272-273,280-280,288-291,294-297,299-300,303-303,802-803,805-805,2135-2135,2240-2242,2245-2248,2254-2255,2258-2272,2864-2864,2866-2866,2868-2868,2870-2870,2872-2874,2876-2876,2878-2878,2887-2887,2890-2890,3538-3543,3545-3545,3547-3547,3549-3552,3554-3563,3566-3566,3568-3571,3573-3573,3576-3579,3581-3587,3594-3596,3598-3601,3603-3603,3606-3606,3608-3608,3610-3610,3612-3615,3617-3617,3621-3621,3623-3625,3629-3629,3632-3632,3634-3634,3636-3636,3638-3639,3641-3641,3643-3643,4072-4073,4081-4081,4086-4087,4095-4095,4100-4100,4102-4106,4179-4179,4238-4248,4262-4262,4574-4574,4589-4589,4595-4596,4631-4631,4639-4639,7381-7397,7399-7416,7418-7422,7426-7442,7444-7445,7447-7447,7449-7449,7477-7493,7495-7499,7503-7507,7509-7521,7523-7531,7533-7533,7535-7535,7537-7538,7540-7542,7546-7546,7548-7549,7551-7551,7553-7554,7557-7557,7559-7562,7568-7568,7571-7571,7632-7632,7861-7863,7867-7867,7869-7869,7903-7906,7909-7911,8324-8324,15989-16015,16137-16153,16155-16165,16191-16196,16457-16474,16476-16483,16485-16489,16491-16507,16510-16511,16514-16519,16524-16536,16539-16543,16545-16546,16548-16548,16550-16557,16559-16560,16578-16578,16766-16766,16889-16889,17105-17106,17206-17206,17209-17209,17215-17215,17864-17865,18073-18073,19004-19004,19012-19012,19264-19264,19297-19297,21177-21178,21203-21205,22182-22185,24283-24318,24373-24405,24858-24859,25589-25590,25746-25755,25757-25774,25776-25778,25780-25840,25843-25851,25855-25862,25865-25868,25871-25875,25880-25880,25882-25885,26521-26521,26804-26806,26870-26872,27523-27523,29729-29734,32065-32068,34606-34647,34650-34681,34683-34686,34688-34691,34866-34867,34871-34871,35347-35349,35920-35922,36918-36932,36934-36999,37002-37035,37045-37047,37594-37595]","【技能】","jineng."
2208,57,0,"CraftAction[100001-100004,100010-100010,100128-100128,100177-100177,100203-100203,100227-100227,100283-100283,100299-100299,100315-100315,100323-100323,100339-100339,100355-100355,100363-100363,100371-100371,100379-100379,100387-100387,100395-100395,100403-100403,100411-100411,100419-100419,100427-100427,100435-100435,100443-100443,100451-100451,100459-100459,100467-100467,100475-100475]","【制作技能】","zhizuojineng."
2209,58,0,"BuddyAction","【搭档技能】","dadangjineng."
2210,59,0,"PetAction[1-6]","【召唤兽技能】","zhaohuanshoujineng."
2211,60,0,"Weather[col-1,1-20,22-23,25-25,29-29,35-36,40-40,44-44,49-51,53-54,60-60,66-66,69-69,71-71,74-74,77-77,80-80,82-82,84-84,87-87,92-92,95-95,97-97,101-102,109-113,116-116,118-118,120-120,122-122,125-125,133-138,144-145,147-149,151-151,156-157,160-162,171-171,179-179,181-181,187-188,190-194,197-197,200-202]","【天候】","tianhou."
2212,61,0,"MainCommand[col-<Value>5</Value>,1-36,41-42,44-44,56-62,64-70,72-82,84-99]","【快捷指令】","kuaijiezhiling."
2213,62,0,"TextCommand[col-<Value>8</Value>,col-<Value>5</Value>,1-31,33-271,273-275,277-321,323-455,459-643,646-653,657-668,670-687,689-689,692-697,705-708]","【文本指令】","wenbenzhiling."
2214,63,0,"Action[29054-29062,29065-29067,29069-29069,29071-29087,29091-29095,29097-29104,29106-29110,29123-29123,29128-29128,29130-29130,29223-29234,29236-29237,29240-29240,29242-29245,29253-29264,29266-29266,29391-29395,29399-29402,29404-29409,29412-29423,29428-29432,29469-29469,29475-29478,29481-29497,29499-29508,29510-29515,29523-29528,29530-29533,29535-29540,29543-29554,29559-29559,29649-29651,29653-29655,29657-29658,29660-29660,29662-29671,29673-29673,29675-29676,29678-29678,29680-29681,29699-29700,29707-29707,29711-29711,29716-29716,29736-29736,30896-30897,39157-39161,39163-39163,39166-39186,39189-39196,39198-39213,39215-39216,39782-39783,41428-41438,41442-41452,41454-41458,41464-41464,41467-41470,41472-41476,41478-41478,41480-41496,41498-41511,41577-41577,41658-41658,42194-42194,43243-43252,43254-43257,43259-43259,43291-43291]","【对战技能】","duizhanjineng."
2215,64,0,"Pet[<Value>0</Value>,1-2,6-8,10-10,14-15,17-19,23-24,27-32,46-46]","【召唤兽】","zhaohuanshou."
2216,65,0,"Companion[noun,1-67,71-152,154-222,224-492,493-528,530-542,544-545,547-550, 551-558, 561-566]","【宠物】","chongwu."
2217,66,0,"PetMirage[col-<Value>2</Value>]","【召唤兽的外貌】","zhaohuanshoudewaimao"
2218,67,0,"ActionComboRoute[50-59,65-65]","【对战连击技能】","duizhanlianjijineng"
2219,68,0,"Action[12958-13007,14476-14481]","【文理技能】","wenlijineng"
2220,69,0,"Action[11383-11431,18295-18325,23264-23267,23269-23273,23275-23288,23290-23290,34563-34582]","【青魔法】","qingmofa"
2221,70,0,"Action[20701-20770,22344-22356,23907-23922]","【失传技能】","shichuanjineng"
2222,71,0,"MKDSupportJob[0-12]","【辅助职业】","fuzhuzhiye"
2223,72,0,"Action[41588-41592,41594-41612,41619-41631,41633-41636,41641-41651]","【辅助技能】","fuzhujineng"
2900,28,0,"@","【职业量谱】","zhiyeliangpu"
2901,28,1,"","忠义量谱","zhongyiliangpu"
2902,28,2,"","忠义","zhongyi"
2904,28,11,"","斗气量谱","douqiliangpu"
2905,28,20,"","兽魂量谱","shouhunliangpu"
2906,28,21,"","兽魂","shouhun"
2907,28,30,"","龙血量谱","longxueliangpu"
2909,28,40,"","战歌量谱","zhangeliangpu"
2910,28,41,"","诗心","shixin"
2911,28,50,"","百合花茎量谱","baihehuajingliangpu"
2912,28,51,"","治疗百合","zhiliaobaihe"
2913,28,60,"","元素量谱","yuansuliangpu"
2914,28,61,"","灵极心","lingjixin"
2915,28,70,"","以太超流量谱","yitaichaoliuliangpu"
2916,28,72,"","龙神同调","shenlongtongdiao"
2917,28,71,"","同调量谱","tongdiaoliangpu"
2919,28,80,"","异想量谱","yixiangliangpu"
2920,28,81,"","异想以太","yixiangyitai"
2922,28,91,"","忍气量谱","renqiliangpu"
2923,28,92,"","忍气","renqi"
2926,28,102,"","枪管热度量谱","qiangguanreduliangpu"
2927,28,103,"","过热","guore"
2928,28,110,"","暗血量谱","anxueliangpu"
2930,28,120,"","奥秘量谱","aomiliangpu"
2931,28,130,"","雪月花量谱","xueyuehualiangpu"
2932,28,131,"","闪","shan"
2933,28,132,"","剑气量谱","jianqiliangpu"
2934,28,133,"","剑气","jianqi"
2935,28,140,"","平衡量谱","pinghengliangpu"
2936,28,141,"","白魔元","baimoyuan"
2937,28,142,"","黑魔元","heimoyuan"
2938,28,111,"","暗黑量谱","anheiliangpu"
2939,28,52,"","血百合","xuebaihe"
2940,28,100,"","机工量谱","jigongliangpu"
2941,28,101,"","电能量谱","diannengliangpu"
2942,28,150,"","晶壤量谱","jingrangliangpu"
2943,28,160,"","舞步量谱","wubuliangpu"
2944,28,161,"","幻扇量谱","huanshanliangpu"
2946,28,134,"","剑压量谱","jianyaliangpu"
2947,28,1000,"","灵魂量值","linghunliangzhi"
2948,28,1003,"","夜游魂量谱","yeyouhunliangpu"
2949,28,1010,"","均衡量谱","junhengliangpu"
2950,28,1011,"","蛇胆量谱","shedanliangpu"
2951,28,13,"","象形拳量谱","xiangxingquanliangpu"
2952,28,143,"","魔元集量谱","moyuanjiliangpu"
2953,28,162,"","伶俐量谱","lingliliangpu"
2954,28,44,"","尾声量谱","weishengliangpu"
2955,28,42,"","灵魂之声量谱","linghunzhishengliangpu"
2956,28,63,"","悖论量谱","beilunliangpu"
2957,28,1012,"","蛇胆","shedan"
2958,28,1013,"","蛇刺","sheci"
2959,28,112,"","暗技","anji"
2960,28,62,"","通晓","tongxiao"
2961,28,135,"","剑压","jianya"
2963,28,14,"","脉轮","mailun"
2964,28,12,"","斗气","douqi"
2965,28,1002,"","魂衣","hunyi"
2966,28,1001,"","魂衣量谱","hunyiliangpu"
2967,28,163,"","伶俐","lingli"
2968,28,1004,"","虚无魂","xuwuhun"
2969,28,1005,"","夜游魂","yeyouhun"
2970,28,43,"","灵魂之声","linghunzhisheng"
2971,28,32,"","天龙眼","tianlongyan"
2972,28,15,"","功力","gongli"
2973,28,93,"","风缠量谱","fengchanliangpu"
2974,28,94,"","风缠","fengchan"
2975,28,64,"","星极量谱","xingjiliangpu"
2976,28,65,"","星极魂","xingjihun"
2977,28,1100,"","蝰蛇量谱","kuisheliangpu"
2978,28,1101,"","飞蛇之魂","feishezhihun"
2979,28,1102,"","灵力量谱","lingliliangpu2"
2980,28,1103,"","灵力","lingli2"
2981,28,1200,"","画布量谱","huabuliangpu"
2982,28,1201,"","调色量谱","tiaoseliangpu"
2983,28,1203,"","白色颜料","baiseyanliao"
2984,28,1204,"","黑色颜料","heiseyanliao"
3000,25,0,"@","【金碟游乐场】","jindieyoulechang."
3001,25,200,"","陆行鸟竞赛","luxingniaojingsai"
3002,25,201,"","竞赛陆行鸟","jingsailuxingniao"
3003,25,202,"","新陆行鸟","xinluxingniao"
3004,25,203,"","退役陆行鸟","tuiyiluxingniao"
3005,25,204,"","配种","peizhong"
3006,25,205,"","羽力","yuli"
3007,25,206,"","血统等级","xuetongdengji"
3008,25,210,"","随机赛道","suijisaidao"
3009,25,211,"","荒野大道","huangyedadao"
3010,25,213,"","恬静小路","tianjingxiaolu"
3011,25,300,"","九宫幻卡","jiugonghuanka"
3012,25,301,"","卡片","kapian"
3013,25,302,"","卡片类型","kapianleixing"
3014,25,303,"","稀有度","xiyoudu"
3015,25,304,"","对局","duiju"
3016,25,305,"","大赛","dasai"
3017,25,306,"","九宫幻卡大赛","jiugonghuankadasai"
3018,25,307,"","积分","jifen"
3019,25,308,"","特殊规则","teshuguize"
3020,25,309,"","流行规则","liuxingguize"
3021,25,310,"","对局规则","duijuguize"
3022,25,311,"","大赛规则","dasaiguize"
3023,25,312,"","全明牌","quanmingpai"
3024,25,313,"","三明牌","sanmingpai"
3025,25,314,"","同数","tongshu"
3026,25,315,"","不胜不休","bushengbuxiu"
3027,25,316,"","加算","jiasuan"
3028,25,317,"","随机","suiji"
3029,25,318,"","秩序","zhixu"
3030,25,319,"","混乱","hunluan"
3031,25,320,"","逆转","nizhuan"
3032,25,321,"","王牌杀手","wangpaishashou"
3033,25,322,"","同类强化","tongleiqianghua"
3034,25,323,"","同类弱化","tongleiruohua"
3035,25,324,"","交换","jiaohuan"
3036,25,325,"","天选","tianxuan"
3037,25,327,"","卡组","kazu"
3038,25,328,"","希望规则：","xiwangguize"
3039,25,1,"","机遇任务","jiyurenwu"
3040,25,100,"","仙人彩","xianrencai"
3041,25,101,"","仙人仙彩","xianrenxiancai"
3042,25,102,"","仙人微彩","xianrenweicai"
3043,25,103,"","中选号码","zhongxuanhaoma"
3044,25,400,"","萌宠之王","mengchongzhiwang"
3045,25,401,"","设施特效","sheshitexiao"
3046,25,402,"","奥秘核石","aomiheshi"
3047,25,403,"","萌宠之门","mengchongzhimen"
3048,25,404,"","防御盾","fangyudun"
3049,25,405,"","探索眼","tansuoyan"
3050,25,410,"","动物","dongwu"
3051,25,411,"","玩偶","wanou"
3052,25,413,"","机件","jijian"
3053,25,406,"","特殊技","teshuji"
3054,25,407,"","陷阱","xianjing"
3055,25,2,"","喷风中的幸存者","penfengzhongdexingcunzhe"
3056,25,3,"","小雏鸟的营救者","xiaochuniaodeyingjiuzhe"
3060,25,212,"","太阳海岸","taiyanghaian"
3061,25,412,"","魔物","mowu"
3062,25,7,"","虚景跳跳乐大挑战","xujingtiaotiaoledatiaozhan"
3063,25,8,"","空军装甲驾驶员","kongjunzhuangjiajiashiyuan"
3064,25,500,"","多玛方城战","duomafangchengzhan"
3065,25,9,"","快刀斩魔","kuaidaozhanmo"
3300,26,0,"@","【状态变化】","zhuangtaibianhua."
3301,26,2,"","麻痹","mabi"
3302,26,3,"","沉默","chenmo"
3303,26,4,"","眩晕","xuanyun"
3304,26,5,"","睡眠","shuimian"
3305,26,6,"","加重","jiazhong"
3306,26,7,"","石化","shihua"
3307,26,8,"","魅惑","meihuo"
3308,26,9,"","吸收","xishou"
3309,26,10,"","拘束","jushu"
3310,26,11,"","变身","bianshen"
3311,26,1,"","中毒","zhongdu"
3313,25,326,"","选拔","xuanba"
3314,25,329,"","官方锦标赛","guanfangjinbiaosai"
3500,8,101,"","","yuanquan"
3501,8,102,"","","cha"
3502,8,103,"","","sanjiao"
3503,8,104,"","","fangkuai"
3504,8,1000,"","内圈","neiquan"
3505,8,1001,"","外圈","waiquan"
3506,8,1002,"","顺时针转","shunshizhenzhuan"
3507,8,1003,"","逆时针转","nishizhenzhuan"
3508,8,1004,"","攻击姿态","gongjizitai"
3509,8,1005,"","防御姿态","fangyuzitai"
3510,8,1050,"","预兆","yuzhao"
3511,8,1051,"","视线","shixian"
3512,8,1052,"","圆形","yuanxing"
3513,8,1053,"","扇形","shanxing"
3514,8,1054,"","对角线","duijiaoxian"
3515,8,1055,"","直线","zhixian"
3516,8,1056,"","环形","huanxing"
3517,8,1057,"","线","xian"
3518,8,1058,"","球","qiu"
3519,8,1059,"","地面","dimian"
3520,8,1060,"","墙壁","qiangbi"
3521,8,1061,"","柱子","zhuzi"
3522,8,1062,"","岩石","yanshi"
3523,8,1063,"","炎","yan"
3524,8,1064,"","水","shui"
3525,8,1065,"","冰","bing"
3526,8,105,"","","shizi"
3527,8,1066,"","爆炸","baozha"
3528,8,1067,"","同时","tongshi"
3529,8,1068,"","交替","jiaoti"
3531,8,1070,"","合体","heti"
3535,8,1074,"","集合","jihe"
3536,8,1075,"","散开","sankai"
3540,8,1076,"","分摊伤害","fentanshanghai"
3541,8,1077,"","反射伤害","fansheshanghai"
3542,8,1078,"","持续伤害","chixushanghai"
3543,8,1100,"","模式变更","moshibiangeng"
3544,8,1101,"","阶段","jieduan"
3545,8,1102,"","积累型强化","jileixingqianghua"
3546,8,1103,"","积累型弱化","jileixingruohua"
3547,8,1104,"","随机目标","suijimubiao"
3548,8,1079,"","距离变化伤害","julibianhuashanghai"
3600,27,0,"@","【深层迷宫】","shencengmigong"
3601,27,1,"","传送石冢","chuansongshizhong"
3602,27,2,"","再生石冢","zaishengshizhong"
3603,27,100,"","魔陶器：咒印解除","motaoqizhouyinjiechu"
3604,27,101,"","魔陶器：全景","motaoqiquanjing"
3605,27,102,"","魔陶器：强化自身","motaoqiqianghuazishen"
3606,27,103,"","魔陶器：强化防御","motaoqiqianghuafangyu"
3607,27,104,"","魔陶器：宝箱增加","motaoqibaoxiangzengjia"
3608,27,105,"","魔陶器：减少敌人","motaoqijianshaodiren"
3609,27,106,"","魔陶器：改变敌人","motaoqigaibiandiren"
3610,27,107,"","魔陶器：解咒","motaoqijiezhou"
3611,27,108,"","魔陶器：运气上升","motaoqiyunqishangsheng"
3612,27,109,"","魔陶器：形态变化","motaoqixingtaibianhua"
3613,27,110,"","魔陶器：魔法效果解除","motaoqimofaxiaoguojiechu"
3614,27,111,"","魔陶器：曼提克化","motaoqimantikehua"
3615,27,112,"","魔陶器：梦魔化","motaoqimengmohua"
3616,27,113,"","魔陶器：感知宝藏","motaoqiganzhibaozang"
3617,27,114,"","魔陶器：重生","motaoqichongsheng"
3618,27,115,"","魔陶器：基路伯化","motaoqijilubohua"
3619,27,116,"","魔陶器：弱化敌人","motaoqiruohuadiren"
3620,27,117,"","魔陶器：隐形","motaoqiyinxing"
3621,27,118,"","魔陶器：石化敌人","motaoqishihuadiren"
3622,27,200,"","伊弗利特魔石","yifulitemoshi"
3623,27,201,"","泰坦魔石","taitanmoshi"
3624,27,202,"","迦楼罗魔石","jialouluomoshi"
3625,27,203,"","奥丁魔石","aodingmoshi"
3626,27,3,"","传送灯笼","chuansongdenglong"
3627,27,4,"","再生灯笼","zaishengdenglong"
3628,27,5,"","再生装置","zaishengzhuangzhi"
3629,27,6,"","传送装置","chuansongzhuangzhi"
3630,27,220,"","乌内亚灵复制体","wuneiyalingfuzhiti"
3631,27,221,"","多加亚灵复制体","duojiayalingfuzhiti"
3632,27,222,"","洋葱剑士亚灵复制体","yangcongjianshiyalingfuzhiti"
3633,27,150,"","魔科学器：缓速","mokexueqihuansu"
3634,27,151,"","魔科学器：大漩涡","mokexueqidaxuanwo"
3635,27,152,"","魔科学器：恐慌装甲化","mokexueqikonghuangzhuangjiahua"
3636,27,153,"","魔科学器：咒印解除","mokexueqizhouyinjiechu"
3637,27,154,"","魔科学器：全景","mokexueqiquanjing"
3638,27,155,"","魔科学器：强化自身","mokexueqiqianghuazishen"
3639,27,156,"","魔科学器：强化防御","mokexueqiqianghuafangyu"
3640,27,157,"","魔科学器：宝箱增加","mokexueqibaoxiangzengjia"
3641,27,158,"","魔科学器：减少敌人","mokexueqijianshaodiren"
3642,27,159,"","魔科学器：改变敌人","mokexueqigaibiandiren"
3643,27,160,"","魔科学器：解咒","mokexueqijiezhou"
3644,27,161,"","魔科学器：运气上升","mokexueqiyunqishangsheng"
3645,27,162,"","魔科学器：形态变化","mokexueqixingtaibianhua"
3646,27,163,"","魔科学器：魔法效果解除","mokexueqimofaxiaoguojiechu"
3647,27,164,"","魔科学器：感知宝藏","mokexueqiganzhibaozang"
3648,27,165,"","魔科学器：重生","mokexueqichongsheng"
3649,27,119,"","魔陶器：加速","motaoqijiasu"
3650,27,120,"","魔陶器：净化护符","motaoqijinghuahufu"
3651,27,121,"","魔陶器：朝圣的指引","motaoqichaoshengdezhiyin"
3652,27,230,"","杜松香·宿命","dusongxiangsuming"
3653,27,231,"","杜松香·敏慧","dusongxiangminhui"
3654,27,232,"","杜松香·安宁","dusongxianganning"
3655,27,7,"","再生祭坛","zaishengjitan"
3656,27,233,"","光耀圣酒","guangyaoshengjiu"
3657,27,234,"","光耀香油","guangyaoxiangyou"
3658,27,235,"","光耀谷物","guangyaoguwu"
3659,27,236,"","光耀蜡烛","guangyaolazhu"
3660,27,237,"","光耀百合","guangyaobaihe"
3661,27,8,"","光耀烛台","guangyaozhutai"
4000,17,430,"","魔素板","mosuban"
4001,17,431,"","魔素融合器","mosurongheqi"
4002,17,432,"","魔素石","mosushi"
4003,17,433,"","属性值","shuxingzhi"
4004,17,434,"","元素等级","yuansudengji"
4005,17,435,"","文理碎晶","wenlisuijing"
4007,17,437,"","文理融合器","wenlirongheqi"
4008,17,438,"","文理技能","wenlijineng"
4009,17,439,"","禁地兵装","jindibingzhuang"
4011,17,55,"","自定赛","zidingsai"
4012,17,106,"","金碟币","jindiebi"
4013,17,107,"","探险币","tanxianbi"
4014,17,355,"","老主顾交易","laozhugujiaoyi"
4017,17,357,"","重建伊修加德","chongjianyixiujiade"
4019,17,360,"","出海垂钓","chuhaichuidiao"
4020,17,359,"","天钢工具","tianganggongju"
4021,17,361,"","幻巧拼图","huanqiaopintu"
4022,17,445,"","失传技能","shichuanjineng"
4023,17,444,"","失传技能库","shichuanjinengku"
4024,17,443,"","失传技能保管箱","shichuanjinengbaoguanxiang"
4025,17,442,"","失传碎晶","shichuansuijing"
4026,17,440,"","战果","zhanguo"
4027,17,441,"","义军等级","yijundengji"
4028,17,74,"","自由探索","ziyoutansuo"
4030,17,446,"","博兹雅晶簇","boziyajingcu"
4031,17,203,"","时尚配饰","shishangpeishi"
4032,17,448,"","义军武器","yijunwuqi"
4033,17,447,"","博兹雅搜索器","boziyasousuoqi"
4034,17,358,"","庆典","qingdian"
4037,17,362,"","随身见闻录","suishenjianwenlu"
4038,17,108,"","战利水晶","zhanlishuijing"
4039,17,363,"","肖像","xiaoxiang"
4040,17,364,"","冒险者铭牌","maoxianzhemingpai"
4041,17,365,"","开拓无人岛","kaituowurendao"
4043,17,449,"","曼德维尔武器","mandeweierwuqi"
4044,17,366,"","莫雯卓越工具","mowenzhuoyuegongju"
4046,17,171,"","亚拉戈美学神典石","yalagemeixueshendianshi"
4047,17,172,"","亚拉戈天道神典石","yalagetiandaoshendianshi"
4048,17,367,"","宇宙探索","yuzhoutansuo"
4049,17,371,"","宇宙工具","yuzhougongju"
4050,17,368,"","探索任务","tansuorenwu"
4051,17,450,"","知见","zhijian"
4052,17,451,"","知见等级","zhijiandengji"
4053,17,455,"","辅助职业","fuzhuzhiye"
4054,17,456,"","辅助技能","fuzhujineng"
4055,17,457,"","幻境武器","huanjingwuqi"
4056,17,173,"","亚拉戈数理神典石","yalageshulishendianshi"
4057,17,370,"","联合工程","lianhegongcheng"
4058,17,369,"","机甲行动","jijiaxingdong"
4059,17,452,"","十二城邦银币","shierchengbangyinbi"
4060,17,453,"","十二城邦金币","shierchengbangjinbi"
4061,17,454,"","魔纹启动凭证：力之塔","mowenqidongpingzhenglizhita"
5000,24,3001,"","大型任务","daxingrenwu"
5001,24,6002,"","每日挑战","meiritiaozhan"
5002,24,1210,"","岩燕庙","yanyanmiao"
5003,24,3522,"","封闭圣塔黎铎拉纳大灯塔","fengbishengtaliduolanadadengta"
5004,24,2220,"","月读歼灭战","yuedujianmiezhan"
5005,24,2221,"","月读幽夜歼灭战","yueduyouyejianmiezhan"
5006,24,3401,"","究极神兵绝境战","jiujishenbingjuejingzhan"
5007,24,4002,"","天之御柱","tianzhiyuzhu"
5008,24,2225,"","火龙狩猎战","xionghuolongshouliezhan"
5009,24,2226,"","火龙上位狩猎战","xionghuolongshangweishouliezhan"
5010,24,4052,"","恒冰之地","hengbingzhidi"
5011,24,1200,"","妖歌海","yaogehai"
5012,24,1205,"","阿拉米格","alamige"
5013,24,2111,"","圆桌骑士幻想歼灭战","yuanzhuoqishihuanxiangjianmiezhan"
5014,24,1211,"","终末焦土","zhongmojiaotu"
5015,24,2227,"","朱雀镇魂战","zhuquezhenhunzhan"
5016,24,2228,"","朱雀诗魂战","zhuqueshihunzhan"
5017,24,3104,"","阿尔法幻境","aerfahuanjing"
5018,24,4053,"","涌火之地","yonghuozhidi"
5019,24,1206,"","黄金阁","huangjinge"
5020,24,4049,"","云冠群岛","yunguanqundao"
5021,24,1212,"","基姆利特暗区","jimuliteanqu"
5022,24,2229,"","青龙镇魂战","qinglongzhenhunzhan"
5023,24,2230,"","青龙诗魂战","qinglongshihunzhan"
5024,24,3523,"","乐欲之所瓯博讷修道院","leyuzhisuooubonexiudaoyuan"
5025,24,4054,"","丰水之地","fengshuizhidi"
5026,24,6302,"","隐塞（机动战）","yinsaijidongzhan"
5027,24,1213,"","水滩村","shuitancun"
5028,24,1214,"","多恩美格禁园","duoenmeigejinyuan"
5029,24,1215,"","奇坦那神影洞","qitannashenyingdong"
5030,24,1216,"","马利卡大井","malikadajing"
5031,24,1217,"","格鲁格火山","gelugehuoshan"
5032,24,1218,"","亚马乌罗提","yamawuluoti"
5033,24,1219,"","希尔科斯孪晶塔","xierkesiluanjingta"
5034,24,1220,"","阿尼德罗学院","anideluoxueyuan"
5035,24,2232,"","缇坦妮雅歼灭战","titanniyajianmiezhan"
5036,24,2233,"","缇坦妮雅歼殛战","titanniyajianjizhan"
5037,24,2234,"","无瑕灵君歼灭战","wuxialingjunjianmiezhan"
5038,24,2235,"","无瑕灵君歼殛战","wuxialingjunjianjizhan"
5039,24,2236,"","哈迪斯歼灭战","hadisijianmiezhan"
5040,24,3105,"","伊甸希望乐园","yidianxiwangleyuan"
5041,24,3106,"","伊甸零式希望乐园","yidianlingshixiwangleyuan"
5042,24,3107,"","觉醒之章","juexingzhizhang"
5043,24,2231,"","保镖歼灭战","baobiaojianmiezhan"
5044,24,4055,"","巴尔德西昂兵武塔","baerdexiangbingwuta"
5045,24,1221,"","宇宙宫","yuzhougong"
5046,24,2237,"","哈迪斯孤念歼灭战","hadisigunianjianmiezhan"
5047,24,3402,"","亚历山大绝境战","yalishandajuejingzhan"
5048,24,3530,"","复制工厂废墟","fuzhigongchangfeixu"
5049,24,6209,"","昂萨哈凯尔（竞争战）","angsahakaierjingzhengzhan"
5050,24,1222,"","阿尼德罗追忆馆","anideluozhuiyiguan"
5051,24,3108,"","共鸣之章","gongmingzhizhang"
5052,24,2238,"","红宝石神兵破坏作战","hongbaoshishenbingpohuaizuozhan"
5053,24,2239,"","红宝石神兵狂想作战","hongbaoshishenbingkuangxiangzuozhan"
5054,24,2240,"","博兹雅堡垒追忆战","boziyabaoleizhuiyizhan"
5055,24,4057,"","南方博兹雅战线","nanfangboziyazhanxian"
5056,24,1223,"","诺弗兰特","nuofulante"
5057,24,2241,"","光之战士歼灭战","guangzhizhanshijianmiezhan"
5058,24,2242,"","光之战士幻耀歼灭战","guangzhizhanshihuanyaojianmiezhan"
5059,24,3531,"","人偶军事基地","renoujunshijidi"
5061,24,4058,"","冲突战","chongtuzhan"
5062,24,4059,"","紧急遭遇战","jinjizaoyuzhan"
5063,24,4056,"","天佑女王","tianyounvwang"
5064,24,1224,"","玛托雅工作室","matuoyagongzuoshi"
5065,24,3109,"","再生之章","zaishengzhizhang"
5066,24,2244,"","绿宝石神兵破坏作战","lvbaoshishenbingpohuaizuozhan"
5067,24,2245,"","绿宝石神兵狂想作战","lvbaoshishenbingkuangxiangzuozhan"
5068,24,4061,"","女王古殿","nvwanggudian"
5070,24,4060,"","帝国湖岸堡攻城战","diguohuanbaogongchengzhan"
5071,24,1225,"","帕戈尔赞草原","pageerzancaoyuan"
5072,24,2247,"","钻石神兵捕获作战","zuanshishenbingbuhuozuozhan"
5073,24,2248,"","钻石神兵狂想作战","zuanshishenbingkuangxiangzuozhan"
5074,24,3532,"","希望之炮台：“塔”","xiwangzhipaotaita"
5076,24,4062,"","扎杜诺尔高原","zhadunuoergaoyuan"
5077,24,4063,"","旗舰达尔里阿达号攻略战","qijiandaerliadahaogonglvezhan"
5078,24,1226,"","佐特塔","zuoteta"
5079,24,1227,"","巴别塔","babieta"
5080,24,1228,"","万相森国","wanxiangsenguo"
5081,24,1229,"","极北造物院","jibeizaowuyuan"
5082,24,1230,"","寻因星晶镜","xunyinxingjingjing"
5083,24,1231,"","末世终迹","moshizhongji"
5084,24,1232,"","笑笑镇","xiaoxiaozhen"
5085,24,1233,"","斯提格玛四","sitigemasi"
5086,24,2250,"","佐迪亚克歼灭战","zuodiyakejianmiezhan"
5087,24,2251,"","佐迪亚克暝暗歼灭战","zuodiyakeminganjianmiezhan"
5088,24,2252,"","海德林歼灭战","haidelinjianmiezhan"
5089,24,2253,"","海德林晖光歼灭战","haidelinhuiguangjianmiezhan"
5090,24,2254,"","终结之战","zhongjiezhizhan"
5091,24,3110,"","万魔殿","wanmodian"
5092,24,3111,"","零式万魔殿","lingshiwanmodian"
5093,24,3112,"","边境之狱","bianjingzhiyu"
5094,24,1234,"","近东秘宝阿尔扎达尔海底遗迹群","jindongmibaoaerzhadaerhaidiyijiqun"
5095,24,2255,"","终极之战","zhongjizhizhan"
5097,24,3533,"","灿烂神域阿格莱亚","canlanshenyuagelaiya"
5098,24,3403,"","幻想龙诗绝境战","huanxianglongshijuejingzhan"
5099,24,6303,"","水晶冲突","shuijingchongtu"
5100,24,6304,"","角力学校","juelixuexiao"
5101,24,6305,"","火山之心","huoshanzhixin"
5102,24,6306,"","九霄云上","jiuxiaoyunshang"
5103,24,2257,"","巴尔巴莉希娅歼灭战","baerbalixiyajianmiezhan"
5104,24,2258,"","巴尔巴莉希娅歼殛战","baerbalixiyajianjizhan"
5106,24,3113,"","炼净之狱","lianjingzhiyu"
5107,24,1235,"","特罗亚宫廷","teluoyagongting"
5108,24,4100,"","多变迷宫","duobianmigong"
5109,24,4101,"","异闻迷宫","yiwenmigong"
5110,24,4102,"","希拉狄哈水道","xiladihashuidao"
5111,24,4103,"","异闻希拉狄哈水道","yiwenxiladihashuidao"
5112,24,4104,"","零式异闻希拉狄哈水道","lingshiyiwenxiladihashuidao"
5113,24,1236,"","冥魂石洞","minghunshidong"
5114,24,4003,"","正统优雷卡","zhengtongyouleika"
5115,24,3404,"","欧米茄绝境验证战","oumijiajuejingyanzhengzhan"
5116,24,3534,"","喜悦神域欧芙洛绪涅","xiyueshenyuoufuluoxunie"
5117,24,2260,"","卢比坎特歼灭战","lubikantejianmiezhan"
5118,24,2261,"","卢比坎特歼殛战","lubikantejianjizhan"
5120,24,6307,"","机关大殿","jiguandadian"
5121,24,1237,"","哈姆岛","hamudao"
5122,24,3114,"","荒天之狱","huangtianzhiyu"
5123,24,2263,"","高贝扎歼灭战","gaobeizhajianmiezhan"
5124,24,2264,"","高贝扎歼殛战","gaobeizhajianjizhan"
5126,24,4105,"","六根山","liugenshan"
5127,24,4106,"","异闻六根山","yiwenliugenshan"
5128,24,4107,"","零式异闻六根山","lingshiyiwenliugenshan"
5129,24,1238,"","月面地下溪谷","yuemiandixiaxigu"
5130,24,3535,"","荣华神域塔利亚","ronghuashenyutaliya"
5131,24,4108,"","阿罗阿罗岛","aluoaluodao"
5132,24,4109,"","异闻阿罗阿罗岛","yiwenaluoaluodao"
5133,24,4110,"","零式异闻阿罗阿罗岛","lingshiyiwenaluoaluodao"
5135,24,2269,"","阿修罗歼灭战","axiuluojianmiezhan"
5136,24,2266,"","泽罗姆斯歼灭战","zeluomusijianmiezhan"
5137,24,2267,"","泽罗姆斯歼殛战","zeluomusijianjizhan"
5138,24,6308,"","赤土红沙","chituhongsha"
5139,24,1239,"","生息河岸","shengxihean"
5140,24,1240,"","沃刻佐莫山","wokezuomoshan"
5141,24,1241,"","深空天坑","shenkongtiankeng"
5142,24,1242,"","先锋营","xianfengying"
5143,24,1243,"","创生设施","chuangshengsheshi"
5144,24,1244,"","亚历山德里亚","yalishandeliya"
5145,24,1245,"","仙人刺谷","xianrencigu"
5146,24,1246,"","迷途鬼区","mituguiqu"
5147,24,2270,"","艳翼蛇鸟歼灭战","yanyisheniaojianmiezhan"
5148,24,2271,"","艳翼蛇鸟歼殛战","yanyisheniaojianjizhan"
5149,24,2272,"","佐拉加歼灭战","zuolajiajianmiezhan"
5150,24,2273,"","佐拉加歼殛战","zuolajiajianjizhan"
5151,24,2274,"","永恒女王歼灭战","yonghengnvwangjianmiezhan"
5152,24,3115,"","阿卡狄亚登天斗技场","akadiyadengtiandoujichang"
5153,24,3116,"","阿卡狄亚零式登天斗技场","akadiyalingshidengtiandoujichang"
5154,24,3117,"","轻量级","qingliangji"
5155,24,3405,"","光暗未来绝境战","guanganweilaijuejingzhan"
5156,24,3536,"","朱诺：第一巡行","zhunuodiyixunxing"
5158,24,2275,"","永恒女王忆想歼灭战","yonghengnvwangyixiangjianmiezhan"
5159,24,1247,"","玉韦亚瓦塔实验站","yuweiyawatashiyanzhan"
5160,24,3701,"","暗黑之云诛灭战","anheizhiyunzhumiezhan"
5161,24,3700,"","诛灭战","zhumiezhan"
5162,24,3118,"","中量级","zhongliangji"
5164,24,2277,"","泽莲尼娅歼灭战","zelianniyajianmiezhan"
5165,24,2278,"","泽莲尼娅歼殛战","zelianniyajianjizhan"
5166,24,1248,"","永护塔底","yonghutadi"
5167,24,4064,"","蜃景幻界新月岛","shenjinghuanjiexinyuedao"
5168,24,4065,"","新月岛南征之章","xinyuedaonanzhengzhizhang"
5170,24,4067,"","紧急遭遇战","jinjizaoyuzhan"
5171,24,4068,"","两歧塔力之塔","liangqitalizhita"
5172,24,2284,"","青龙幻巧战","qinglonghuanqiaozhan"
5173,24,2282,"","护锁刃龙狩猎战","husuorenlongshouliezhan"
5174,24,2283,"","护锁刃龙上位狩猎战","husuorenlongshangweishouliezhan"
5175,24,2280,"","永远之暗歼灭战","yongyuanzhianjianmiezhan"
5176,24,2281,"","永远之暗悲惶歼灭战","yongyuanzhianbeihuangjianmiezhan"
5177,24,3537,"","桑多利亚：第二巡行","sangduoliyadierxunxing"
5178,24,1249,"","中央终端","zhongyangzhongduan"
5179,24,4004,"","朝圣交错路","chaoshengjiaocuolu"
5180,24,4006,"","卓异的悲寂深想战","zhuoyidebeijishenxiangzhan"
5181,24,6309,"","海岸斗场","haiandouchang"
5182,24,4005,"","卓异的悲寂歼灭战","zhuoyidebeijijianmiezhan"
