key,0,1,2,3,4,5,6,7,8,9,10,11,12,13,14,15,16,17,18,19,20,21,22,23,24
#,Name,ActionTimeline[0],ActionTimeline[1],ActionTimeline[2],ActionTimeline[3],ActionTimeline[4],ActionTimeline[5],ActionTimeline[6],,,,EmoteCategory,EmoteMode,,,HasCancelEmote,DrawsWeapon,,Order,TextCommand,Icon,LogMessage{Targeted},LogMessage{Untargeted},UnlockLink,
int32,str,ActionTimeline,ActionTimeline,ActionTimeline,ActionTimeline,ActionTimeline,ActionTimeline,ActionTimeline,bit&01,bit&02,bit&04,EmoteCategory,EmoteMode,bit&08,bit&10,bit&20,bit&40,bit&80,uint16,TextCommand,Image,LogMessage,LogMessage,uint32,uint16
0,"",0,0,0,0,0,0,0,True,True,True,0,0,False,False,False,False,False,0,0,0,0,0,0,1
1,"惊讶",689,0,674,674,674,0,0,True,True,True,1,0,False,True,False,False,False,5016,402,246201,100,200,0,1
2,"不满",690,0,639,639,639,0,0,True,True,True,1,0,False,True,False,False,False,5010,403,246202,101,201,0,1
3,"愤怒",691,0,664,664,664,0,0,True,True,True,1,0,False,True,False,False,False,5003,404,246203,102,202,0,1
4,"害羞",693,0,0,0,0,0,0,False,False,False,1,0,False,True,False,False,False,1006,405,246204,103,203,0,1
5,"行礼",694,0,0,0,0,0,0,False,False,False,1,0,False,True,False,False,False,1,406,246205,104,204,0,1
6,"加油",695,0,675,675,675,0,0,True,True,True,1,0,False,True,False,False,False,2004,407,246206,105,205,0,1
7,"拍手",696,0,656,645,676,0,0,True,True,True,1,0,False,True,False,False,False,2002,408,246207,106,206,0,1
8,"招手",697,0,0,0,0,0,0,False,False,False,1,0,False,True,False,False,False,5101,409,246208,107,207,0,1
9,"安慰",698,0,677,677,677,0,0,True,True,True,1,0,False,True,False,False,False,1007,410,246209,108,208,0,1
10,"哭泣",699,0,678,678,678,0,0,True,True,True,1,0,False,True,False,False,False,5002,411,246210,109,209,0,1
11,"跳舞",700,0,0,0,0,0,0,False,False,False,1,0,False,True,False,False,False,1040,412,246211,110,210,0,1
12,"质疑",702,0,0,0,0,0,0,False,False,False,1,0,False,True,False,False,False,5018,413,246212,111,211,0,1
13,"打盹",703,0,657,646,679,0,0,True,True,True,1,0,False,True,False,False,False,5107,414,246213,112,212,0,1
14,"后悔",704,0,0,0,0,0,0,False,False,False,1,0,False,True,False,False,False,5004,415,246214,113,213,0,1
15,"道别",705,0,680,680,680,0,0,True,True,True,1,0,False,True,False,False,False,6,416,246215,114,214,0,1
16,"挥手",706,0,663,652,681,0,0,True,True,True,1,0,False,True,False,False,False,7,417,246216,115,215,0,1
17,"莫名",707,0,660,649,682,0,0,True,True,True,1,0,False,True,False,False,False,5012,418,246217,116,216,0,1
18,"高兴",708,0,683,683,683,0,0,True,True,True,1,0,False,True,False,False,False,1002,419,246218,117,217,0,1
19,"下跪",710,0,0,0,0,0,0,False,False,False,1,0,False,True,False,False,False,8,420,246219,118,218,0,1
20,"轻笑",711,0,662,651,685,0,0,True,True,True,1,0,False,True,False,False,False,1000,421,246220,119,219,0,1
21,"大笑",712,0,638,635,686,0,0,True,True,True,1,0,False,True,False,False,False,1001,422,246221,120,220,0,1
22,"张望",713,0,665,665,665,0,0,True,True,True,1,0,False,True,False,False,False,5111,423,246222,121,221,0,1
23,"展示",715,0,745,745,745,0,0,True,True,True,1,0,False,True,False,False,False,5113,424,246223,122,222,0,1
24,"摇头",716,0,666,666,666,0,0,True,True,True,1,0,False,True,False,False,False,5000,425,246224,123,223,0,1
25,"否定",717,0,746,746,746,0,0,True,True,True,1,0,False,True,False,False,False,5001,426,246225,124,224,0,1
26,"慌张",719,0,0,0,0,0,0,False,False,False,1,0,False,True,False,False,False,5006,427,246226,125,225,0,1
27,"指向",720,0,687,687,687,0,0,True,True,True,1,0,False,True,False,False,False,5108,428,246227,126,226,0,1
28,"戳指",721,0,748,748,748,0,3185,True,True,True,1,0,False,True,False,False,False,5109,429,246228,127,227,0,1
29,"称赞",723,0,749,749,749,0,0,True,True,True,1,0,False,True,False,False,False,2003,430,246229,128,228,0,1
30,"激励",724,0,0,0,0,0,0,False,False,False,1,0,False,True,False,False,False,1008,431,246230,129,229,0,1
31,"敬礼",725,0,750,750,750,0,0,True,True,True,1,0,False,True,False,False,False,9,432,246231,130,230,0,1
32,"震惊",729,0,751,751,751,0,0,True,True,True,1,0,False,True,False,False,False,5013,433,246232,131,231,0,1
33,"耸肩",730,0,752,752,752,0,0,True,True,True,1,0,False,True,False,False,False,5014,434,246233,132,232,0,1
34,"鼓励",731,0,0,0,0,0,0,False,False,False,1,0,False,True,False,False,False,1004,435,246234,133,233,0,1
35,"安抚",732,0,753,753,753,0,0,True,True,True,1,0,False,True,False,False,False,1005,436,246235,134,234,0,1
36,"迷糊",733,0,0,0,0,0,0,False,False,False,1,0,False,True,False,False,False,5015,437,246236,135,235,0,1
37,"伸展",734,0,588,588,588,0,0,True,True,True,1,0,False,True,False,False,False,5110,438,246237,136,236,0,1
38,"愠怒",735,0,0,0,0,0,0,False,False,False,1,0,False,True,False,False,False,5009,439,246238,137,237,0,1
39,"思考",736,0,589,589,589,0,0,True,True,True,1,0,False,True,False,False,False,5105,440,246239,138,238,0,1
40,"失望",737,0,670,590,590,0,0,True,True,True,1,0,False,True,False,False,False,5007,441,246240,139,239,0,1
41,"欢迎",738,0,591,591,591,0,0,True,True,True,1,0,False,True,False,False,False,4,442,246241,140,240,0,1
42,"点头",739,0,671,671,671,0,0,True,True,True,1,0,False,True,False,False,False,2000,443,246242,141,241,0,1
43,"肯定",740,0,592,592,592,0,0,True,True,True,1,0,False,True,False,False,False,2001,444,246243,142,242,0,1
44,"自视",714,0,744,744,744,0,0,True,True,True,1,0,False,True,False,False,False,5106,445,246244,143,243,0,1
45,"摆造型",722,0,0,0,0,0,0,False,False,False,1,0,False,True,False,False,False,5050,446,246245,144,244,0,1
46,"飞吻",692,0,0,0,0,0,0,False,False,False,1,0,False,True,False,False,False,1020,447,246249,148,248,0,1
47,"下跪认错",701,0,0,0,0,0,0,False,False,False,1,0,False,True,False,False,False,5019,448,246251,150,250,0,1
48,"欣喜若狂",709,0,684,684,684,0,0,True,True,True,1,0,False,True,False,False,False,1003,449,246252,151,251,0,1
49,"大失所望",718,0,668,747,747,0,0,True,True,True,1,0,False,True,False,False,False,5008,450,246253,152,252,0,1
50,"坐下",643,642,0,643,0,0,0,False,False,False,2,2,False,False,True,False,False,13001,451,246256,0,0,0,1
51,"起身",644,0,0,644,0,0,0,False,False,False,2,2,True,False,False,False,False,0,0,246254,0,0,0,1
52,"坐下到地上",654,653,654,0,0,0,0,False,False,False,2,1,False,False,True,False,False,13002,453,246254,0,0,0,1
53,"起身",655,0,655,0,0,0,0,False,False,False,2,1,True,False,False,False,False,0,0,246254,0,0,0,1
54,"引用",688,0,673,673,673,0,0,True,True,True,1,0,False,True,False,False,False,5112,455,246263,0,0,0,1
55,"黑涡团军礼",726,0,0,0,0,0,0,False,False,False,1,0,False,True,False,False,False,10,456,246246,145,245,0,1
56,"双蛇党军礼",727,0,0,0,0,0,0,False,False,False,1,0,False,True,False,False,False,10,457,246247,146,246,0,1
57,"恒辉队军礼",728,0,0,0,0,0,0,False,False,False,1,0,False,True,False,False,False,10,458,246248,147,247,0,1
58,"祈祷",742,0,4814,4813,4813,0,0,True,True,True,1,0,False,True,False,False,False,1009,459,246264,178,278,0,1
59,"帝国式军礼",587,0,0,0,0,0,0,False,False,False,1,0,False,True,False,False,False,11,460,246266,179,279,23,1
60,"头部装备操作",0,0,0,0,0,0,0,True,True,True,2,0,False,False,False,False,False,19999,461,246265,0,0,0,1
61,"头部装备操作",0,0,0,0,0,0,0,True,True,True,2,0,False,False,False,False,False,0,0,246265,0,0,0,1
62,"百万核爆",6240,0,0,0,0,0,0,False,False,False,2,0,False,True,False,False,False,12003,463,246327,8078,8079,379,1
63,"练武",6249,0,0,0,0,0,0,False,False,False,1,0,False,True,False,False,False,6009,464,246328,8080,8081,378,1
64,"魅惑拥抱",6242,6241,0,0,0,0,0,False,False,False,2,33,False,True,False,False,False,10021,465,246329,8082,8083,384,1
65,"前后声援小蓝",6244,6243,0,0,0,0,0,False,False,False,2,34,False,True,False,False,False,10022,466,246330,8084,8085,381,1
66,"挥舞声援小黄",6246,6245,0,0,0,0,0,False,False,False,2,35,False,True,False,False,False,10025,467,246331,8086,8087,382,1
67,"蹦跳声援小红",6248,6247,0,0,0,0,0,False,False,False,2,36,False,True,False,False,False,10028,468,246332,8088,8089,383,1
68,"表情：平常",604,0,604,604,604,604,0,True,True,True,3,0,False,False,False,False,False,20001,469,246101,161,261,0,1
69,"表情：微笑",605,0,605,605,605,605,0,True,True,True,3,0,False,False,False,False,False,20002,470,246102,162,262,0,1
70,"表情：笑颜",606,0,606,606,606,606,0,True,True,True,3,0,False,False,False,False,False,20003,471,246103,163,263,0,1
71,"表情：自信",607,0,607,607,607,607,0,True,True,True,3,0,False,False,False,False,False,20007,472,246104,164,264,0,1
72,"表情：无畏",608,0,608,608,608,608,0,True,True,True,3,0,False,False,False,False,False,20008,473,246105,165,265,0,1
73,"表情：闭目",611,0,611,611,611,611,0,True,True,True,3,0,False,False,False,False,False,20009,474,246106,166,266,0,1
74,"表情：悲伤",612,0,612,612,612,612,0,True,True,True,3,0,False,False,False,False,False,20010,475,246107,167,267,0,1
75,"表情：恐怖",614,0,614,614,614,614,0,True,True,True,3,0,False,False,False,False,False,20011,476,246108,168,268,0,1
76,"表情：意外",615,0,615,615,615,615,0,True,True,True,3,0,False,False,False,False,False,20012,477,246109,169,269,0,1
77,"表情：痛苦",616,0,616,616,616,616,0,True,True,True,3,0,False,False,False,False,False,20013,478,246110,170,270,0,1
78,"表情：反感",617,0,617,617,617,617,0,True,True,True,3,0,False,False,False,False,False,20014,479,246111,171,271,0,1
79,"表情：吃惊",619,0,619,619,619,619,0,True,True,True,3,0,False,False,False,False,False,20015,480,246112,172,272,0,1
80,"表情：担心",620,0,620,620,620,620,0,True,True,True,3,0,False,False,False,False,False,20016,481,246113,173,273,0,1
81,"表情：咧嘴",6226,0,6226,6226,6226,6226,0,True,True,True,3,0,False,False,False,False,False,20023,482,246125,8090,8091,388,1
82,"表情：沉思",6227,0,6227,6227,6227,6227,0,True,True,True,3,0,False,False,False,False,False,20024,483,246126,8092,8093,389,1
83,"表情：皱眉",6228,0,6228,6228,6228,6228,0,True,True,True,3,0,False,False,False,False,False,20025,484,246127,8094,8095,0,1
84,"表情：苦笑",6229,0,6229,6229,6229,6229,0,True,True,True,3,0,False,False,False,False,False,20026,485,246128,8096,8097,0,1
85,"投掷",641,0,0,0,0,0,0,False,False,False,1,0,False,True,False,False,False,5102,486,246250,180,280,24,1
86,"投雪球",743,0,0,0,0,0,0,False,False,False,1,0,False,True,False,False,False,0,0,246250,149,249,24,1
87,"投雪球",640,0,0,0,0,0,0,False,False,False,1,0,False,False,False,False,False,0,0,246250,149,249,24,1
88,"睡觉",585,584,0,0,0,585,0,False,False,False,2,3,False,False,False,False,False,0,0,246325,0,0,0,1
89,"",586,0,0,0,0,586,0,False,False,False,2,3,True,False,False,False,False,0,0,246254,0,0,0,1
90,"改变姿势",0,0,0,0,0,0,0,False,False,False,2,0,False,False,False,False,False,19998,491,246268,0,0,0,1
91,"",3124,3123,0,0,0,0,0,False,False,False,4,0,False,False,False,False,False,0,0,0,0,0,0,1
92,"",3126,3125,0,0,0,0,0,False,False,False,4,0,False,False,False,False,False,0,0,0,0,0,0,1
93,"",3128,3127,0,0,0,0,0,False,False,False,4,0,False,False,False,False,False,0,0,0,0,0,0,1
94,"",0,0,0,0,0,0,0,False,False,False,0,0,False,False,False,False,False,0,0,0,0,0,0,0
95,"",3132,3131,0,3132,0,0,0,False,False,False,4,2,False,False,False,False,False,0,0,0,0,0,0,1
96,"",3134,3133,0,3134,0,0,0,False,False,False,4,2,False,False,False,False,False,0,0,0,0,0,0,1
97,"",3136,3135,3136,0,0,0,0,False,False,False,4,1,False,False,False,False,False,0,0,0,0,0,0,1
98,"",3138,3137,3138,0,0,0,0,False,False,False,4,1,False,False,False,False,False,0,0,0,0,0,0,1
99,"",3140,3139,0,0,0,3140,0,False,False,False,4,3,False,False,False,False,False,0,0,0,0,0,0,1
100,"",3142,3141,0,0,0,3142,0,False,False,False,4,3,False,False,False,False,False,0,0,0,0,0,0,1
101,"踢踏舞",570,569,0,0,0,0,0,False,False,False,2,4,False,True,False,False,False,10001,502,246269,182,282,27,1
102,"丰饶之舞",572,571,0,0,0,0,0,False,False,False,2,5,False,True,False,False,False,10002,503,246270,183,283,28,1
103,"宫廷之舞",574,573,0,0,0,0,0,False,False,False,2,6,False,True,False,False,False,10003,504,246271,184,284,29,1
104,"绅士之舞",576,575,0,0,0,0,0,False,False,False,2,7,False,True,False,False,False,10004,505,246272,185,285,30,1
105,"抚摸",3177,0,3179,3179,3179,0,3174,True,True,True,1,0,False,True,False,False,False,2009,506,246267,186,286,0,1
106,"递交",3178,0,3180,3180,3180,0,3176,True,True,True,1,0,False,True,False,False,False,5104,507,246273,187,287,0,1
107,"",3182,3181,0,0,0,0,0,False,False,False,4,0,False,False,False,False,False,0,0,0,0,0,0,1
108,"",3184,3183,0,0,0,0,0,False,False,False,4,0,False,False,False,False,False,0,0,0,0,0,0,1
109,"火盆舞",3188,3187,0,0,0,0,0,False,False,False,2,8,False,True,False,False,False,10005,510,246274,189,288,98,1
110,"胜利欢呼",741,0,0,0,0,0,0,False,False,False,1,0,False,True,False,True,False,2006,511,246275,190,289,225,1
111,"甩巴掌",3752,0,3755,3755,3755,0,3758,True,True,True,1,0,False,True,False,False,False,5020,512,246276,191,290,0,1
112,"拥抱",3753,0,3756,3756,3756,0,3759,True,True,True,1,0,False,True,False,False,False,2007,513,246277,192,291,0,1
113,"深情拥抱",3754,0,3757,3757,3757,0,3760,True,True,True,1,0,False,True,False,False,False,2008,514,246278,193,292,229,1
114,"绅士风度",3764,3763,0,0,0,0,0,False,False,False,2,9,False,True,False,False,False,10006,515,246279,194,293,244,1
115,"对拳",3766,0,3767,3767,3767,0,3768,True,True,True,1,0,False,True,False,False,False,3000,516,246280,195,294,259,1
116,"",0,0,0,0,0,0,0,False,False,False,0,0,False,False,False,False,False,0,0,0,0,0,0,0
117,"",3771,3770,3771,0,0,0,0,False,False,False,4,1,False,False,False,False,False,0,0,0,0,0,0,1
118,"萨维奈舞",3775,3774,0,0,0,0,0,False,False,False,2,10,False,True,False,False,False,10007,519,246282,197,296,288,1
119,"黄金之舞",3777,3776,0,0,0,0,0,False,False,False,2,11,False,True,False,False,False,10008,520,246283,198,297,289,1
120,"太阳之舞",3773,3772,0,0,0,0,0,False,False,False,2,12,False,True,False,False,False,10009,521,246284,199,298,283,1
121,"准备战斗",3778,0,0,0,0,0,0,False,False,False,1,0,False,True,False,True,False,3001,522,246285,153,253,305,1
122,"欢呼胜利",3779,0,0,0,0,0,0,False,False,False,1,0,False,True,False,True,False,3002,523,246286,154,254,306,1
123,"后空翻",4680,0,0,0,0,0,0,False,False,False,1,0,False,True,False,False,False,6000,524,246287,155,255,308,1
124,"抱拳礼",4678,0,4679,4679,4679,0,0,True,True,True,1,0,False,True,False,False,False,12,525,246288,156,256,309,1
125,"灵光一现",4681,0,4683,4682,4682,0,0,True,True,True,1,0,False,True,False,False,False,3003,526,246289,157,257,304,1
126,"莫古莫古舞",4673,4672,0,0,0,0,0,False,False,False,2,13,False,True,False,False,False,10011,527,246290,8000,8001,67862,1
127,"太棒了！",4790,0,4791,4791,4791,0,0,True,True,True,1,0,False,True,False,False,False,3004,528,246291,8002,8003,318,1
128,"热身",4781,0,0,0,0,0,0,False,False,False,1,0,False,True,False,False,False,6001,529,246292,8004,8005,323,1
129,"东方传统舞蹈",4783,4782,0,0,0,0,0,False,False,False,2,14,False,True,False,False,False,10018,530,246293,8006,8007,324,1
130,"战队演武正红一式",4785,4784,0,0,0,0,0,False,False,False,2,15,False,True,False,False,False,10012,531,246294,8008,8009,315,1
131,"战队演武正黑二式",4789,4788,0,0,0,0,0,False,False,False,2,16,False,True,False,False,False,10014,532,246295,8010,8011,316,1
132,"战队演武正黄三式",4787,4786,0,0,0,0,0,False,False,False,2,17,False,True,False,False,False,10016,533,246296,8012,8013,317,1
133,"表情：右飞眼",621,0,621,621,621,621,0,True,True,True,3,0,False,False,False,False,False,20004,534,246118,8014,8015,0,1
134,"战队演武逆红一式",4793,4792,0,0,0,0,0,False,False,False,2,18,False,True,False,False,False,10013,535,246297,8016,8017,315,1
135,"战队演武逆黑二式",4797,4796,0,0,0,0,0,False,False,False,2,19,False,True,False,False,False,10015,536,246298,8018,8019,316,1
136,"战队演武逆黄三式",4795,4794,0,0,0,0,0,False,False,False,2,20,False,True,False,False,False,10017,537,246299,8020,8021,317,1
137,"捂脸",4674,0,4675,4675,4675,0,0,True,True,True,1,0,False,True,False,False,False,5021,538,246301,8022,8023,0,1
138,"斩铁剑",4803,0,0,0,0,0,0,False,False,False,2,0,False,True,False,True,False,12001,539,246302,8024,8025,328,1
139,"肉体之美",4811,0,0,0,0,0,0,False,False,False,1,0,False,True,False,False,False,5051,540,246303,8026,8027,0,1
140,"默哀",4804,0,4812,4805,4805,0,0,True,True,True,1,0,False,True,False,False,False,1010,541,246304,8028,8029,0,1
141,"表情：阴险",622,0,622,622,622,622,0,True,True,True,3,0,False,False,False,False,False,20017,542,246119,8030,8031,0,1
142,"撒娇",4800,0,4801,4801,4801,0,0,True,True,True,1,0,False,True,False,False,False,6002,543,246305,8032,8033,331,1
143,"装死",4799,4798,0,0,4799,0,0,False,True,True,2,21,False,True,False,False,False,11501,544,246306,8034,8035,330,1
144,"寒冰的幻想",4802,0,0,0,0,0,0,False,False,False,2,0,False,True,False,False,False,12002,545,246307,8036,8037,329,1
145,"日月之舞",4810,4809,0,0,0,0,0,False,False,False,2,22,False,True,False,False,False,10010,546,246308,8038,8039,332,1
146,"表达爱意",4815,0,0,0,0,0,0,False,False,False,1,0,False,True,False,False,False,1030,547,246309,8040,8041,333,1
147,"表达爱意",4816,0,0,0,0,0,0,False,False,False,1,0,False,True,False,False,False,0,0,0,8040,8041,333,1
148,"托眼镜",4676,0,4677,4677,4677,0,0,True,True,True,1,0,False,True,False,False,False,6003,549,246310,8042,8043,334,1
149,"小黄莺之舞",4818,4817,0,0,0,0,0,False,False,False,2,23,False,True,False,False,False,10019,550,246311,8044,8045,335,1
150,"浮水",0,4806,0,0,4807,0,0,False,True,False,2,24,False,True,False,False,False,11001,551,246312,0,0,0,1
151,"水中翻跟头",0,0,0,0,4808,0,0,False,False,True,1,0,False,True,False,False,False,6004,552,246313,0,0,340,1
152,"表情：嘟嘴",623,0,623,623,623,623,0,True,True,True,3,0,False,False,False,False,False,20018,553,246120,8046,8047,0,1
153,"蓄力迸发",4825,0,0,0,0,0,0,False,False,False,1,0,False,True,False,False,False,6005,554,246314,8048,8049,343,1
154,"行东方礼",4829,0,0,0,0,0,0,False,False,False,1,0,False,True,False,False,False,2,555,246315,8050,8051,68016,1
155,"深蹲",5803,5812,0,0,0,0,0,False,False,False,2,25,False,True,False,False,False,11002,556,246316,8052,8053,373,1
156,"俯卧撑",5800,5799,0,0,0,0,0,False,False,False,2,26,False,True,False,False,False,11003,557,246317,8054,8055,373,1
157,"仰卧起坐",5802,5801,0,0,0,0,0,False,False,False,2,27,False,True,False,False,False,11004,558,246318,8056,8057,373,1
158,"深呼吸",5804,5813,0,0,0,0,0,False,False,False,2,28,False,True,False,False,False,11005,559,246319,8058,8059,373,1
159,"说话",5810,0,5811,5811,5811,0,0,True,True,True,1,0,False,True,False,False,False,6006,560,246320,8060,8061,0,1
160,"表情：认真",624,0,624,624,624,624,0,True,True,True,3,0,False,False,False,False,False,20019,561,246121,8062,8063,0,1
161,"表情：困惑",625,0,625,625,625,625,0,True,True,True,3,0,False,False,False,False,False,20020,562,246122,8064,8065,0,1
162,"表情：柔和",6215,0,6215,6215,6215,6215,0,True,True,True,3,0,False,False,False,False,False,20021,563,246123,8066,8067,0,1
163,"表情：满足",6216,0,6216,6216,6216,6216,0,True,True,True,3,0,False,False,False,False,False,20022,564,246124,8068,8069,0,1
164,"立正",5806,5805,0,0,0,0,0,False,False,False,2,29,False,True,False,False,False,11006,565,246321,8070,8071,375,1
165,"稍息",5808,5807,0,0,0,0,0,False,False,False,2,30,False,True,False,False,False,11007,566,246322,8072,8073,376,1
166,"练拳",5809,5814,0,0,0,0,0,False,False,False,2,31,False,True,False,False,False,11008,567,246323,8074,8075,68498,1
167,"祝祷",6219,6218,0,0,0,0,0,False,False,False,2,32,False,True,False,False,False,10020,568,246324,8076,8077,374,1
168,"",0,0,0,0,0,0,0,False,False,False,0,0,False,False,False,False,False,0,0,0,0,0,0,0
169,"害怕",6233,6232,0,0,0,0,0,False,False,False,2,37,False,True,False,False,False,11011,570,246333,8098,8099,386,1
170,"单膝跪地",6235,6234,0,0,0,0,0,False,False,False,2,38,False,True,False,False,False,11012,571,246334,8100,8101,385,1
171,"大吃一惊",6220,0,6221,6221,6221,0,0,True,True,True,1,0,False,True,False,False,False,5023,572,246335,8102,8103,387,1
172,"打招呼",6222,0,6223,6223,6223,0,0,True,True,True,1,0,False,True,False,False,False,5,573,246336,8104,8105,68558,1
173,"方形步",6258,6257,0,0,0,0,0,False,False,False,2,39,False,True,False,False,False,10101,574,246337,8106,8107,260,1
174,"侧步",6260,6259,0,0,0,0,0,False,False,False,2,40,False,True,False,False,False,10102,575,246338,8108,8109,261,1
175,"究极",6251,0,0,0,0,0,0,False,False,False,2,0,False,True,False,False,False,12004,576,246339,8110,8111,262,1
176,"胡鹰之舞",6231,6230,0,0,0,0,0,False,False,False,2,41,False,True,False,False,False,10100,577,246340,8112,8113,269,1
177,"",0,0,0,0,0,0,0,False,False,False,0,0,False,False,False,False,False,0,0,0,0,0,0,0
178,"撩水",6252,0,0,0,6255,0,0,False,True,False,1,0,False,True,False,False,False,5103,579,246341,8114,8115,270,1
179,"",6254,0,0,0,6256,0,0,False,True,False,1,0,False,True,False,False,False,0,0,246341,8114,8115,270,1
180,"好热",6237,6236,0,0,0,0,0,False,False,False,2,42,False,True,False,False,False,11009,581,246342,8116,8117,263,1
181,"好冷",6239,6238,0,0,0,0,0,False,False,False,2,43,False,True,False,False,False,11010,582,246343,8118,8119,264,1
182,"说明",6224,0,6225,6225,6225,0,0,True,True,True,1,0,False,True,False,False,False,6007,583,246344,8120,8121,265,1
183,"表情：思索",6261,0,6261,6261,6261,6261,0,True,True,True,3,0,False,False,False,False,False,20027,584,246129,8122,8123,68612,1
184,"表情：左飞眼",6262,0,6262,6262,6262,6262,0,True,True,True,3,0,False,False,False,False,False,20005,585,246130,8124,8125,0,1
185,"幻想舞步",6294,6293,0,0,0,0,0,False,False,False,2,44,False,True,False,False,False,10103,586,246345,8126,8127,393,1
186,"波波托步",6296,6295,0,0,0,0,0,False,False,False,2,45,False,True,False,False,False,10104,587,246346,8128,8129,394,1
187,"哼歌",6271,6270,0,0,0,0,0,False,False,False,2,46,False,True,False,False,False,10107,588,246347,8130,8131,68688,1
188,"确认",6273,6272,0,0,0,0,0,False,False,False,2,47,False,True,False,False,False,11013,589,246348,8132,8133,395,1
189,"说明计划",6275,6274,0,0,0,0,0,False,False,False,2,48,False,True,False,False,False,11014,590,246349,8134,8135,396,1
190,"表情：忍耐",6253,0,6253,6253,6253,6253,0,True,True,True,3,0,False,False,False,False,False,20028,591,246131,8136,8137,68684,1
191,"神典石",6302,0,6303,6303,6303,0,0,True,True,True,1,0,False,True,False,False,False,6020,592,246350,8138,8139,406,1
192,"趾踵步",6299,6298,0,0,0,0,0,False,False,False,2,49,False,True,False,False,False,10105,593,246351,8140,8141,232,1
193,"古菩步",6301,6300,0,0,0,0,0,False,False,False,2,50,False,True,False,False,False,10106,594,246352,8142,8143,233,1
194,"心意",6297,0,0,0,0,0,0,False,False,False,1,0,False,True,False,False,False,3100,595,246353,8144,8145,68700,1
195,"振作精神",6278,0,0,0,0,0,0,False,False,False,1,0,False,True,False,False,False,3101,596,246354,8146,8147,234,1
196,"提醒",6277,6276,0,0,0,0,0,False,False,False,2,51,False,True,False,False,False,11015,597,246355,8148,8149,235,1
197,"优雅仙人刺",6250,0,0,0,0,0,0,False,False,False,1,0,False,True,False,False,False,3102,598,246356,8150,8151,236,1
198,"绅士舞步",6305,6304,0,0,0,0,0,False,False,False,2,52,False,True,False,False,False,10108,599,246357,8152,8153,68704,1
199,"啦哩吼",7333,0,7334,7334,7334,0,0,True,True,True,1,0,False,True,False,False,False,13,600,246358,8154,8155,69095,1
200,"欧米茄M架势",6307,6306,0,0,0,0,0,False,False,False,2,53,False,True,False,False,False,12005,601,246359,8156,8157,75,1
201,"欧米茄F架势",6309,6308,0,0,0,0,0,False,False,False,2,54,False,True,False,False,False,12006,602,246360,8158,8159,75,1
202,"干杯",6310,0,6311,6311,6311,0,0,False,True,True,1,0,False,True,False,False,False,3103,603,246361,8160,8161,76,1
203,"背靠",6280,6279,0,0,0,0,0,False,False,False,2,55,False,True,False,False,False,11502,604,246363,0,0,77,1
204,"头痛",6312,0,6313,6313,6313,0,0,True,True,True,1,0,False,True,False,False,False,5024,605,246362,8162,8163,78,1
205,"打响指",7348,0,7349,7349,7349,0,0,True,True,True,1,0,False,True,False,False,False,3104,606,246364,8164,8165,68,1
206,"吃面包",7355,0,7356,7356,7356,0,0,True,True,True,1,0,False,True,False,False,False,6040,607,246365,8166,8167,69,1
207,"看书",7357,0,7359,7358,7359,0,0,True,True,True,1,0,False,True,False,False,False,6070,608,246366,8168,8169,70,1
208,"坚持主张",7353,0,7354,7354,7354,0,0,True,True,True,1,0,False,True,False,False,False,6021,609,246368,8170,8171,71,1
209,"疑问",7350,0,7352,7351,7351,0,0,True,True,True,1,0,False,True,False,False,False,6072,610,246367,8172,8173,279,1
210,"嘿哟",7389,7388,0,0,0,0,0,False,False,False,2,56,False,True,False,False,False,10109,611,246369,8174,8175,271,1
211,"花雨",7390,0,0,0,0,0,0,False,False,False,1,0,False,True,False,False,False,3105,612,246370,8176,8177,272,1
212,"火焰之舞",7409,7408,0,0,0,0,0,False,False,False,2,57,False,True,False,False,False,10110,613,246371,8178,8179,273,1
213,"击掌",7393,0,0,0,0,0,0,False,False,False,1,0,False,True,False,False,False,6101,614,246372,8180,8181,275,1
214,"巡视",7401,7400,0,0,0,0,0,False,False,False,2,58,False,True,False,False,False,11503,615,246373,8182,8183,276,1
215,"诅咒",7403,7402,0,0,0,0,0,False,False,False,2,59,False,True,False,False,False,11504,616,246374,8184,8185,277,1
216,"蜜蜂之舞",7392,7391,0,0,0,0,0,False,False,False,2,60,False,True,False,False,False,10111,617,246375,8186,8187,278,1
217,"啦哩吼舞",7419,7418,0,0,0,0,0,False,False,False,2,61,False,True,False,False,False,10112,618,246376,8188,8189,274,1
218,"改变姿势",7405,7404,0,0,0,0,0,False,False,False,4,0,False,False,False,False,False,0,0,0,0,0,0,1
219,"改变姿势",7407,7406,0,0,0,0,0,False,False,False,4,0,False,False,False,False,False,0,0,0,0,0,0,1
220,"吃饭团",8005,0,8006,8006,8006,0,0,True,True,True,1,0,False,True,False,False,False,6041,621,246377,8190,8191,414,1
221,"吃苹果",8007,0,8008,8008,8008,0,0,True,True,True,1,0,False,True,False,False,False,6042,622,246378,8192,8193,415,1
222,"搓手",7396,7395,0,0,0,0,0,False,False,False,2,62,False,True,False,False,False,11505,623,246379,8194,8195,416,550
223,"扫地",8016,8015,0,0,0,0,0,False,False,False,2,63,False,True,False,False,False,11506,624,246380,8196,8197,417,1
224,"黑色陆行鸟之笔",8017,0,0,0,0,0,0,False,False,False,1,0,False,True,False,False,False,3106,625,246381,8198,8199,418,1
225,"红色陆行鸟之笔",8018,0,0,0,0,0,0,False,False,False,1,0,False,True,False,False,False,3107,626,246382,8202,8203,418,1
226,"黄色陆行鸟之笔",8019,0,0,0,0,0,0,False,False,False,1,0,False,True,False,False,False,3108,627,246383,8204,8205,418,1
227,"蓝色陆行鸟之笔",8020,0,0,0,0,0,0,False,False,False,1,0,False,True,False,False,False,3109,628,246384,8206,8207,418,1
228,"表情：假笑",8021,0,8021,8021,8021,8021,0,True,True,True,3,0,False,False,False,False,False,20029,629,246132,8200,8201,0,1
229,"默剧",7420,0,0,0,0,0,0,False,False,False,1,0,False,True,False,False,False,6102,630,246385,8208,8209,237,550
230,"困惑",8044,0,8046,8045,8045,0,0,True,True,True,1,0,False,True,False,False,False,5025,631,246386,8210,8211,238,550
231,"嘘",7397,0,7398,7398,7398,0,0,True,True,True,1,0,False,True,False,False,False,6008,632,246387,8212,8213,69602,550
232,"吃披萨",8047,0,8048,8048,8048,0,0,True,True,True,1,0,False,True,False,False,False,6043,633,246388,8214,8215,240,550
233,"抱头",8049,0,8050,8050,8050,0,0,True,True,True,1,0,False,True,False,False,False,5022,634,246391,8217,8216,0,610
234,"吃恋人巧克力",8011,0,8012,8012,8012,0,0,True,True,True,1,0,False,True,False,False,False,6046,635,246390,8239,8238,428,620
235,"吃水煮蛋",8013,0,8014,8014,8014,0,0,True,True,True,1,0,False,True,False,False,False,6044,636,246392,8219,8218,429,610
236,"表情：幸福",8051,0,8051,8051,8051,8051,0,True,True,True,3,0,False,False,False,False,False,20006,637,246133,8221,8220,0,610
237,"收回武器",7344,0,0,0,0,0,0,True,True,True,1,0,False,True,False,False,True,8001,638,246397,8223,8222,430,610
238,"亮出武器",7345,0,0,0,0,0,0,True,True,True,1,0,False,True,False,True,False,8000,639,246398,8225,8224,431,610
239,"饮用红茶",8058,0,8064,8064,8064,0,0,True,True,True,1,0,False,True,False,False,False,6048,640,246393,8227,8226,433,610
240,"干劲十足",8060,0,8061,8061,8061,0,0,True,True,True,1,0,False,True,False,False,False,2005,641,246394,8229,8228,432,610
241,"展现右侧",8070,8069,0,0,0,0,0,False,False,False,2,64,False,True,False,False,False,11507,642,246395,8231,8230,434,610
242,"展现左侧",8072,8071,0,0,0,0,0,False,False,False,2,65,False,True,False,False,False,11508,643,246396,8233,8232,434,610
243,"",8063,8062,0,0,0,0,0,False,False,False,4,0,False,False,False,False,False,0,0,0,0,0,0,1
244,"",8066,8065,0,0,0,0,0,False,False,False,4,0,False,False,False,False,False,0,0,0,0,0,0,1
245,"叛逆精神",8059,0,0,0,0,0,0,False,False,False,1,0,False,True,False,False,False,5011,646,246399,8235,8234,437,620
246,"两眼放光",8075,0,8076,8076,8076,0,0,True,True,True,1,0,False,True,False,False,False,3005,647,246400,8237,8236,438,625
247,"吃南瓜曲奇",8009,0,8010,8010,8010,0,0,True,True,True,1,0,False,True,False,False,False,6045,648,246389,8243,8242,439,620
248,"观战",8078,8077,0,0,0,0,0,False,False,False,2,66,False,True,False,False,False,11509,649,246401,8241,8240,440,620
249,"魔术",8080,0,0,0,0,0,0,False,False,False,1,0,False,True,False,False,False,3111,650,246402,8245,8244,443,630
250,"公主之舞",8081,0,0,0,0,0,0,False,False,False,1,0,False,True,False,False,False,6010,651,246403,8247,8246,444,630
251,"通讯珠",8082,0,8083,8083,8083,0,0,True,True,True,1,0,False,True,False,False,False,6103,652,246404,8249,8248,445,630
252,"摇兔兔耳",8094,0,0,0,0,0,0,False,False,False,1,0,False,True,False,False,False,3110,653,246405,8251,8250,70222,635
253,"",8068,8067,0,0,0,0,0,False,False,False,4,0,False,False,False,False,False,0,0,0,0,0,0,1
254,"",8002,8001,0,8002,0,0,0,False,False,False,4,2,False,False,False,False,False,0,0,0,0,0,0,1
255,"",8004,8003,0,8004,0,0,0,False,False,False,4,2,False,False,False,False,False,0,0,0,0,0,0,1
256,"吓唬人",8102,0,0,0,0,0,0,False,False,False,1,0,False,True,False,False,False,5017,657,246406,8253,8252,450,630
257,"威光降临",8103,0,0,0,0,0,0,False,False,False,1,0,False,True,False,False,False,6104,658,246407,8255,8254,451,640
258,"雀跃1",8096,0,0,0,0,0,0,False,False,False,1,0,False,True,False,False,False,3113,659,246408,8257,8256,452,640
259,"雀跃2",8097,0,0,0,0,0,0,False,False,False,1,0,False,True,False,False,False,3114,660,246409,8259,8258,452,640
260,"雀跃3",8098,0,0,0,0,0,0,False,False,False,1,0,False,True,False,False,False,3115,661,246410,8261,8260,452,640
261,"雀跃4",8099,0,0,0,0,0,0,False,False,False,1,0,False,True,False,False,False,3116,662,246411,8263,8262,452,640
262,"雀跃5",8100,0,0,0,0,0,0,False,False,False,1,0,False,True,False,False,False,3117,663,246412,8265,8264,452,640
263,"手抚胸",8092,0,8093,8093,8093,0,0,True,True,True,1,0,False,True,False,False,False,1011,664,246413,8267,8266,453,640
264,"前后声援小白",8087,8086,0,0,0,0,0,False,False,False,2,67,False,True,False,False,False,10023,665,246414,8269,8268,454,640
265,"挥舞声援小紫",8089,8088,0,0,0,0,0,False,False,False,2,68,False,True,False,False,False,10026,666,246415,8271,8270,455,640
266,"蹦跳声援小绿",8091,8090,0,0,0,0,0,False,False,False,2,69,False,True,False,False,False,10029,667,246416,8273,8272,456,640
267,"守护天节的魔咒",8104,0,0,0,0,0,0,False,False,False,1,0,False,True,False,False,False,3112,668,246417,8275,8274,457,640
268,"守护天节的魔咒",8105,0,0,0,0,0,0,False,False,False,1,0,False,True,False,False,False,0,0,246417,8275,8274,457,640
269,"兔兔舞",8107,8106,0,0,0,0,0,False,False,False,2,70,False,True,False,False,False,10113,670,246418,8287,8286,458,650
270,"比对文献",8109,0,0,0,0,0,0,False,False,False,1,0,False,True,False,False,False,6071,671,246419,8277,8276,459,645
271,"吃炸鸡",8113,0,8118,8118,8118,0,0,True,True,True,1,0,False,True,False,False,False,6047,672,246420,8279,8278,469,650
272,"众生离绝",8131,8130,0,0,0,0,0,False,False,False,2,73,False,True,False,False,False,12007,673,246421,8281,8280,470,650
273,"垂头丧气",8111,8110,0,0,0,0,0,False,False,False,2,71,False,True,False,False,False,11016,674,246422,8283,8282,471,650
274,"比心",8115,8114,0,0,0,0,0,False,False,False,2,72,False,True,False,False,False,10114,675,246423,8285,8284,472,650
275,"得意洋洋",8116,0,0,0,0,0,0,False,False,False,1,0,False,True,False,False,False,3119,676,246424,8289,8288,473,655
276,"大获全胜",8112,0,0,0,0,0,0,False,False,False,1,0,False,True,False,False,False,3118,677,246425,8291,8290,474,650
277,"煎蛋",8084,0,0,0,0,0,0,False,False,False,1,0,False,True,False,False,False,6060,678,246426,8293,8292,475,650
278,"扇大团扇",8117,0,0,0,0,0,0,False,False,False,1,0,False,True,False,False,False,3120,679,246427,8295,8294,484,700
279,"待命",8125,8124,0,0,0,0,0,False,False,False,2,74,False,True,False,False,False,11510,680,246428,8297,8296,490,710
280,"浇水",8127,8126,0,0,0,0,0,False,False,False,2,75,False,True,False,False,False,11512,681,246429,8299,8298,491,710
281,"调饮",8129,8128,0,0,0,0,0,False,False,False,2,76,False,True,False,False,False,11511,682,246430,8301,8300,492,710
282,"象征自由的姿势",8132,0,0,0,0,0,0,False,False,False,1,0,False,True,False,False,False,5052,683,246431,8303,8302,70725,710
283,"赠送花束",8134,8133,0,0,0,0,0,False,False,False,2,77,False,True,False,False,False,10115,684,246432,8305,8304,493,710
284,"吹泡泡",8135,0,8136,8136,8136,0,0,True,True,True,1,0,False,True,False,False,False,6105,685,246433,8307,8306,494,710
285,"噢霍卡利",8137,0,8138,8138,8138,0,0,True,True,True,1,0,False,True,False,False,False,14,686,246434,8309,8308,70729,710
286,"用触控板记录",8122,0,8123,8123,8123,0,0,True,True,True,1,0,False,True,False,False,False,6107,687,246435,8313,8312,495,720
287,"",8140,8139,0,0,0,0,0,False,False,False,2,78,False,True,False,False,False,0,0,246432,8305,8304,493,710
288,"拍照",8151,0,8152,8152,8152,0,0,True,True,True,1,0,False,True,False,False,False,6106,689,246436,8311,8310,0,715
289,"",8154,0,8152,8152,8152,0,0,True,True,True,1,0,False,True,False,False,False,0,0,246436,8311,8310,0,715
290,"",8155,0,8152,8152,8152,0,0,True,True,True,1,0,False,True,False,False,False,0,0,246436,8311,8310,0,715
291,"大惊小怪",8153,0,8157,8157,8157,0,0,True,True,True,1,0,False,True,False,False,False,5026,692,246437,8315,8314,543,720
292,"转圈",8158,0,0,0,0,0,0,False,False,False,1,0,False,True,False,False,False,6108,693,246438,8317,8316,544,725
293,"晕头转向",8142,8141,0,0,0,0,0,False,False,False,2,79,False,True,False,False,False,11513,694,246439,8319,8318,545,720
294,"气得发抖",8160,8159,0,0,0,0,0,False,False,False,2,80,False,True,False,False,False,11514,695,246440,8321,8320,546,721
295,"玩神典石",8162,8161,0,0,0,0,0,False,False,False,2,81,False,True,False,False,False,11515,696,246441,8323,8322,406,720
296,"认真看书",8164,8163,0,0,0,0,0,False,False,False,2,82,False,True,False,False,False,11516,697,246442,8325,8324,70,720
297,"",0,0,0,0,0,0,0,False,False,False,0,0,False,False,False,False,False,0,0,0,0,0,0,0
298,"用森都风格马克杯喝",8167,0,8168,8168,8168,0,0,True,True,True,1,0,False,True,False,False,False,6051,699,246443,8329,8328,554,730
299,"用沙都风格马克杯喝",8171,0,8172,8172,8172,0,0,True,True,True,1,0,False,True,False,False,False,6052,700,246444,8331,8330,554,730
300,"用海都风格马克杯喝",8175,0,8176,8176,8176,0,0,True,True,True,1,0,False,True,False,False,False,6050,701,246445,8333,8332,554,730
301,"持续用森都风格马克杯喝",8170,8169,0,0,0,0,0,False,False,False,2,83,False,True,False,False,False,11602,702,246446,8335,8334,554,730
302,"持续用沙都风格马克杯喝",8174,8173,0,0,0,0,0,False,False,False,2,84,False,True,False,False,False,11603,703,246447,8337,8336,554,730
303,"持续用海都风格马克杯喝",8178,8177,0,0,0,0,0,False,False,False,2,85,False,True,False,False,False,11601,704,246448,8339,8338,554,730
304,"跃跃欲试",8156,0,0,0,0,0,0,False,False,False,1,0,False,True,False,False,False,3122,705,246449,8341,8340,555,731
305,"饮用绿茶",8190,0,8191,8191,8191,0,0,True,True,True,1,0,False,True,False,False,False,6049,706,246450,8343,8342,556,730
306,"端坐享用绿茶",8193,8192,8193,0,0,0,0,False,False,False,2,86,False,True,False,False,False,11600,707,246451,8345,8344,556,730
307,"用羽毛笔记录",8144,8143,0,0,0,0,0,False,False,False,2,87,False,True,False,False,False,11518,708,246452,8347,8346,557,730
308,"",0,0,0,0,0,0,0,False,False,False,0,0,False,False,False,False,False,0,0,0,0,0,0,0
309,"",0,0,0,0,0,0,0,False,False,False,0,0,False,False,False,False,False,0,0,0,0,0,0,0
310,"节拍声援小红",8181,8180,0,0,0,0,0,False,False,False,2,88,False,True,False,False,False,10031,711,246456,8353,8352,579,740
311,"摇摆声援小黄",8183,8182,0,0,0,0,0,False,False,False,2,89,False,True,False,False,False,10034,712,246457,8359,8358,580,740
312,"",0,0,0,0,0,0,0,False,False,False,0,0,False,False,False,False,False,0,0,0,0,0,0,0
313,"模特步",13342,0,0,0,0,0,0,False,False,False,1,0,False,True,False,False,False,5053,714,246459,8367,8366,582,740
314,"",0,0,0,0,0,0,0,False,False,False,0,0,False,False,False,False,False,0,0,0,0,0,0,0
315,"",0,0,0,0,0,0,0,False,False,False,0,0,False,False,False,False,False,0,0,0,0,0,0,0
316,"",0,0,0,0,0,0,0,False,False,False,0,0,False,False,False,False,False,0,0,0,0,0,0,0
317,"双手抱书",8148,8147,0,0,0,0,0,False,False,False,2,93,False,True,False,False,False,11517,718,246463,8375,8374,586,740
318,"激活神机手铠",13363,0,0,0,0,0,0,False,False,False,1,0,False,True,False,True,False,3124,719,246464,8377,8376,587,740
319,"激活神机项环",13364,0,0,0,0,0,0,False,False,False,1,0,False,True,False,True,False,3125,720,246465,8379,8378,588,740
320,"激活神机王冠",13365,0,0,0,0,0,0,False,False,False,1,0,False,True,False,True,False,3126,721,246466,8381,8380,589,740
321,"节拍声援小紫",13354,13353,0,0,0,0,0,False,False,False,2,94,False,True,False,False,False,10032,722,246467,8355,8354,590,740
322,"节拍声援小白",13356,13355,0,0,0,0,0,False,False,False,2,95,False,True,False,False,False,10033,723,246469,8357,8356,591,740
323,"摇摆声援小蓝",13358,13357,0,0,0,0,0,False,False,False,2,96,False,True,False,False,False,10035,724,246468,8361,8360,592,740
324,"摇摆声援小绿",13360,13359,0,0,0,0,0,False,False,False,2,97,False,True,False,False,False,10036,725,246470,8363,8362,593,740
