key,0,1,2,3,4,5,6,7
#,Name,Icon,Quest,AcceptTalk,FailTalk,,,
int32,str,Image,Quest,DefaultTalk,DefaultTalk,bit&01,uint16,uint16
262144,"",0,0,0,0,False,0,0
262145,"",0,0,0,0,False,0,0
262151,"购买道具",0,0,0,0,True,0,0
262152,"",0,0,0,0,False,0,0
262153,"",0,0,0,0,False,0,0
262154,"",0,0,0,0,False,0,0
262155,"",0,0,0,0,False,0,0
262156,"",0,0,0,0,False,0,0
262157,"",0,0,0,0,True,0,0
262158,"购买道具",0,0,0,0,True,0,0
262159,"",0,0,0,0,False,0,0
262160,"",0,0,0,0,False,0,0
262161,"",0,0,0,0,False,0,0
262162,"",0,0,0,0,False,0,0
262163,"",0,0,0,0,False,0,0
262164,"购买道具",0,0,0,0,True,0,0
262165,"",0,0,0,0,False,0,0
262166,"",0,0,0,0,False,0,0
262167,"",0,0,0,0,False,0,0
262168,"",0,0,0,0,False,0,0
262169,"",0,0,0,0,False,0,0
262170,"",0,0,0,0,True,0,0
262171,"",0,0,0,0,True,0,0
262172,"",0,0,0,0,True,0,0
262173,"",0,0,0,0,True,0,0
262174,"",0,0,0,0,True,0,0
262175,"",0,0,0,0,True,0,0
262176,"",0,0,0,0,True,0,0
262177,"",0,0,0,0,True,0,0
262178,"",0,0,0,0,False,0,0
262179,"",0,0,0,0,False,0,0
262180,"",0,0,0,0,True,0,0
262181,"购买道具",0,0,0,0,True,0,0
262182,"",0,0,0,0,True,0,0
262183,"",0,0,0,0,False,0,0
262184,"",0,0,0,0,False,0,0
262185,"",0,0,0,0,True,0,0
262186,"",0,0,0,0,False,0,0
262187,"",0,0,0,0,False,0,0
262188,"",0,0,0,0,False,0,0
262189,"",0,0,0,0,False,0,0
262190,"",0,0,0,0,True,0,0
262191,"购买道具",0,0,0,0,True,0,0
262192,"",0,0,0,0,True,0,0
262193,"",0,0,0,0,False,0,0
262194,"",0,0,0,0,False,0,0
262195,"",0,0,0,0,False,0,0
262196,"",0,0,0,0,False,0,0
262197,"",0,0,0,0,True,0,0
262198,"",0,0,0,0,False,0,0
262199,"",0,0,0,0,False,0,0
262200,"",0,0,0,0,True,0,0
262201,"购买道具",0,0,0,0,True,0,0
262202,"",0,0,0,0,True,0,0
262203,"",0,0,0,0,False,0,0
262204,"",0,0,0,0,False,0,0
262205,"",0,0,0,0,False,0,0
262206,"",0,0,0,0,False,0,0
262207,"",0,0,0,0,True,0,0
262208,"",0,0,0,0,True,0,0
262209,"购买武器",0,0,0,0,True,0,0
262210,"",0,0,0,0,True,0,0
262211,"",0,0,0,0,True,0,0
262212,"购买战斗饰品",0,0,0,0,True,0,0
262213,"购买战斗防具",0,0,0,0,True,0,0
262214,"购买能工巧匠及大地使者防具",0,0,0,0,True,0,0
262215,"购买武器",0,0,0,0,True,0,0
262216,"购买工具",0,0,0,0,True,0,0
262217,"购买武器",0,0,0,0,True,0,0
262218,"购买战斗防具",0,0,0,0,True,0,0
262219,"购买能工巧匠及大地使者防具",0,0,0,0,True,0,0
262221,"购买工具",0,0,0,0,True,0,0
262222,"购买武器",0,0,0,0,True,0,0
262223,"购买战斗防具",0,0,0,0,True,0,0
262224,"购买能工巧匠及大地使者防具",0,0,0,0,True,0,0
262225,"购买工具",0,0,0,0,True,0,0
262226,"购买武器",0,0,0,0,True,0,0
262227,"购买战斗防具",0,0,0,0,True,0,0
262228,"购买能工巧匠及大地使者防具",0,0,0,0,True,0,0
262229,"购买工具",0,0,0,0,True,0,0
262230,"购买武器",0,0,0,0,True,0,0
262231,"购买战斗防具",0,0,0,0,True,0,0
262232,"购买能工巧匠及大地使者防具",0,0,0,0,True,0,0
262233,"购买工具",0,0,0,0,True,0,0
262234,"购买武器",0,0,0,0,True,0,0
262235,"购买战斗防具",0,0,0,0,True,0,0
262236,"购买能工巧匠及大地使者防具",0,0,0,0,True,0,0
262237,"购买工具",0,0,0,0,True,0,0
262238,"购买武器",0,0,0,0,True,0,0
262239,"购买战斗防具",0,0,0,0,True,0,0
262240,"购买能工巧匠及大地使者防具",0,0,0,0,True,0,0
262241,"购买工具",0,0,0,0,True,0,0
262242,"购买武器",0,0,0,0,True,0,0
262243,"购买战斗防具",0,0,0,0,True,0,0
262244,"购买能工巧匠及大地使者防具",0,0,0,0,True,0,0
262245,"购买工具",0,0,0,0,True,0,0
262246,"购买武器",0,0,0,0,True,0,0
262247,"购买战斗防具",0,0,0,0,True,0,0
262248,"购买能工巧匠及大地使者防具",0,0,0,0,True,0,0
262249,"购买工具",0,0,0,0,True,0,0
262250,"购买武器",0,0,0,0,True,0,0
262251,"购买战斗防具",0,0,0,0,True,0,0
262252,"购买能工巧匠及大地使者防具",0,0,0,0,True,0,0
262253,"购买工具",0,0,0,0,True,0,0
262254,"购买武器",0,0,0,0,True,0,0
262255,"购买战斗防具",0,0,0,0,True,0,0
262256,"购买能工巧匠及大地使者防具",0,0,0,0,True,0,0
262257,"",0,0,0,0,True,0,0
262258,"购买工具",0,0,0,0,True,0,0
262259,"购买武器",0,0,0,0,True,0,0
262260,"购买战斗防具",0,0,0,0,True,0,0
262261,"购买能工巧匠及大地使者防具",0,0,0,0,True,0,0
262262,"购买工具",0,0,0,0,True,0,0
262263,"购买武器",0,0,0,0,True,0,0
262264,"购买战斗防具",0,0,0,0,True,0,0
262265,"购买能工巧匠及大地使者防具",0,0,0,0,True,0,0
262266,"购买工具",0,0,0,0,True,0,0
262267,"购买武器",0,0,0,0,True,0,0
262268,"购买战斗防具",0,0,0,0,True,0,0
262269,"购买能工巧匠及大地使者防具",0,0,0,0,True,0,0
262270,"购买武器",0,0,0,0,True,0,0
262271,"购买工具",0,0,0,0,True,0,0
262272,"购买战斗防具",0,0,0,0,True,0,0
262273,"购买能工巧匠及大地使者防具",0,0,0,0,True,0,0
262274,"购买工具",0,0,0,0,True,0,0
262275,"购买武器",0,0,0,0,True,0,0
262276,"购买战斗防具",0,0,0,0,True,0,0
262277,"购买能工巧匠及大地使者防具",0,0,0,0,True,0,0
262278,"购买武器",0,0,0,0,True,0,0
262279,"购买工具",0,0,0,0,True,0,0
262280,"购买战斗防具",0,0,0,0,True,0,0
262281,"购买能工巧匠及大地使者防具",0,0,0,0,True,0,0
262282,"购买工具",0,0,0,0,True,0,0
262283,"购买武器",0,0,0,0,True,0,0
262284,"购买战斗防具",0,0,0,0,True,0,0
262285,"购买能工巧匠及大地使者防具",0,0,0,0,True,0,0
262286,"购买武器",0,0,0,0,True,0,0
262287,"购买工具",0,0,0,0,True,0,0
262288,"购买战斗防具",0,0,0,0,True,0,0
262289,"购买能工巧匠及大地使者防具",0,0,0,0,True,0,0
262290,"购买工具",0,0,0,0,True,0,0
262291,"购买武器",0,0,0,0,True,0,0
262292,"购买战斗防具",0,0,0,0,True,0,0
262293,"购买能工巧匠及大地使者防具",0,0,0,0,True,0,0
262294,"购买工具",0,0,0,0,True,0,0
262295,"购买武器",0,0,0,0,True,0,0
262296,"购买战斗防具",0,0,0,0,True,0,0
262297,"购买能工巧匠及大地使者防具",0,0,0,0,True,0,0
262298,"购买工具",0,0,0,0,True,0,0
262299,"购买武器",0,0,0,0,True,0,0
262300,"购买战斗防具",0,0,0,0,True,0,0
262301,"购买能工巧匠及大地使者防具",0,0,0,0,True,0,0
262302,"购买工具",0,0,0,0,True,0,0
262303,"购买武器",0,0,0,0,True,0,0
262304,"购买战斗防具",0,0,0,0,True,0,0
262305,"购买能工巧匠及大地使者防具",0,0,0,0,True,0,0
262306,"购买工具",0,0,0,0,True,0,0
262307,"购买武器",0,0,0,0,True,0,0
262308,"购买战斗防具",0,0,0,0,True,0,0
262309,"购买能工巧匠及大地使者防具",0,0,0,0,True,0,0
262310,"购买工具",0,0,0,0,True,0,0
262311,"购买武器",0,0,0,0,True,0,0
262312,"购买战斗防具",0,0,0,0,True,0,0
262313,"购买能工巧匠及大地使者防具",0,0,0,0,True,0,0
262314,"购买工具",0,0,0,0,True,0,0
262315,"购买武器",0,0,0,0,True,0,0
262316,"购买战斗防具",0,0,0,0,True,0,0
262317,"购买能工巧匠及大地使者防具",0,0,0,0,True,0,0
262318,"购买工具",0,0,0,0,True,0,0
262319,"购买武器",0,0,0,0,True,0,0
262320,"购买战斗防具",0,0,0,0,True,0,0
262321,"购买能工巧匠及大地使者防具",0,0,0,0,True,0,0
262322,"购买工具",0,0,0,0,True,0,0
262323,"购买武器",0,0,0,0,True,0,0
262324,"购买战斗防具",0,0,0,0,True,0,0
262325,"购买能工巧匠及大地使者防具",0,0,0,0,True,0,0
262326,"购买工具",0,0,0,0,True,0,0
262327,"购买武器",0,0,0,0,True,0,0
262328,"购买战斗防具",0,0,0,0,True,0,0
262329,"购买能工巧匠及大地使者防具",0,0,0,0,True,0,0
262330,"购买工具",0,0,0,0,True,0,0
262331,"购买武器",0,0,0,0,True,0,0
262332,"购买战斗防具",0,0,0,0,True,0,0
262333,"购买能工巧匠及大地使者防具",0,0,0,0,True,0,0
262334,"购买工具",0,0,0,0,True,0,0
262335,"购买武器",0,0,0,0,True,0,0
262336,"购买战斗防具",0,0,0,0,True,0,0
262337,"购买能工巧匠及大地使者防具",0,0,0,0,True,0,0
262338,"购买工具",0,0,0,0,True,0,0
262339,"购买武器",0,0,0,0,True,0,0
262340,"购买战斗防具",0,0,0,0,True,0,0
262341,"购买能工巧匠及大地使者防具",0,0,0,0,True,0,0
262342,"购买工具",0,0,0,0,True,0,0
262343,"购买武器",0,0,0,0,True,0,0
262344,"购买战斗防具",0,0,0,0,True,0,0
262345,"购买能工巧匠及大地使者防具",0,0,0,0,True,0,0
262346,"购买武器",0,0,0,0,True,0,0
262347,"购买工具",0,0,0,0,True,0,0
262348,"购买战斗防具",0,0,0,0,True,0,0
262349,"购买能工巧匠及大地使者防具",0,0,0,0,True,0,0
262350,"",0,0,0,0,True,0,0
262351,"购买工具",0,0,0,0,True,0,0
262352,"购买武器",0,0,0,0,True,0,0
262353,"购买战斗防具",0,0,0,0,True,0,0
262354,"购买能工巧匠及大地使者防具",0,0,0,0,True,0,0
262355,"购买工具",0,0,0,0,True,0,0
262356,"购买武器",0,0,0,0,True,0,0
262357,"购买战斗防具",0,0,0,0,True,0,0
262358,"购买能工巧匠及大地使者防具",0,0,0,0,True,0,0
262359,"购买工具",0,0,0,0,True,0,0
262360,"购买武器",0,0,0,0,True,0,0
262361,"购买战斗防具",0,0,0,0,True,0,0
262362,"购买能工巧匠及大地使者防具",0,0,0,0,True,0,0
262363,"购买工具",0,0,0,0,True,0,0
262364,"购买武器",0,0,0,0,True,0,0
262365,"购买战斗防具",0,0,0,0,True,0,0
262366,"购买能工巧匠及大地使者防具",0,0,0,0,True,0,0
262367,"购买工具",0,0,0,0,True,0,0
262368,"购买武器",0,0,0,0,True,0,0
262369,"购买战斗防具",0,0,0,0,True,0,0
262370,"购买能工巧匠及大地使者防具",0,0,0,0,True,0,0
262371,"购买工具",0,0,0,0,True,0,0
262372,"购买工具",0,0,0,0,True,0,0
262373,"购买武器",0,0,0,0,True,0,0
262374,"购买战斗防具",0,0,0,0,True,0,0
262375,"购买能工巧匠及大地使者防具",0,0,0,0,True,0,0
262376,"",0,0,0,0,True,0,0
262377,"",0,0,0,0,True,0,0
262378,"购买工具",0,0,0,0,True,0,0
262379,"购买武器",0,0,0,0,True,0,0
262380,"购买战斗防具",0,0,0,0,True,0,0
262381,"购买能工巧匠及大地使者防具",0,0,0,0,True,0,0
262382,"购买工具",0,0,0,0,True,0,0
262383,"购买武器",0,0,0,0,True,0,0
262384,"购买战斗防具",0,0,0,0,True,0,0
262385,"购买能工巧匠及大地使者防具",0,0,0,0,True,0,0
262386,"购买工具",0,0,0,0,True,0,0
262387,"购买武器",0,0,0,0,True,0,0
262388,"购买战斗防具",0,0,0,0,True,0,0
262389,"购买能工巧匠及大地使者防具",0,0,0,0,True,0,0
262390,"购买工具",0,0,0,0,True,0,0
262391,"购买工具",0,0,0,0,True,0,0
262392,"购买工具",0,0,0,0,True,0,0
262393,"购买武器",0,0,0,0,True,0,0
262394,"购买战斗防具",0,0,0,0,True,0,0
262395,"购买能工巧匠及大地使者防具",0,0,0,0,True,0,0
262396,"购买工具",0,0,0,0,True,0,0
262397,"购买武器",0,0,0,0,True,0,0
262398,"购买战斗防具",0,0,0,0,True,0,0
262399,"购买能工巧匠及大地使者防具",0,0,0,0,True,0,0
262400,"购买工具",0,0,0,0,True,0,0
262401,"购买武器",0,0,0,0,True,0,0
262402,"购买战斗防具",0,0,0,0,True,0,0
262403,"购买能工巧匠及大地使者防具",0,0,0,0,True,0,0
262404,"",0,0,0,0,True,0,0
262405,"",0,0,0,0,True,0,0
262406,"",0,0,0,0,True,0,0
262407,"",0,0,0,0,True,0,0
262408,"购买武器",0,0,0,0,True,0,0
262409,"购买战斗防具",0,0,0,0,True,0,0
262410,"购买武器",0,0,0,0,True,0,0
262411,"购买战斗防具",0,0,0,0,True,0,0
262412,"购买武器",0,0,0,0,True,0,0
262413,"购买战斗防具",0,0,0,0,True,0,0
262414,"",0,0,0,0,True,13,0
262415,"",0,0,0,0,True,2,0
262419,"购买道具（室外建材、庭具、乐谱）",0,0,0,0,True,0,0
262420,"购买道具（室外建材、庭具、乐谱）",0,0,0,0,True,0,0
262421,"购买道具（室外建材、庭具、乐谱）",0,0,0,0,True,0,0
262422,"购买道具",0,0,0,0,True,0,0
262423,"",0,0,0,0,True,5,0
262424,"",0,0,0,0,True,8,0
262425,"",0,0,0,0,True,9,0
262426,"",0,0,0,0,False,0,0
262427,"",0,0,0,0,False,0,0
262428,"",0,0,0,0,False,0,0
262429,"",0,0,0,0,False,0,0
262430,"",0,0,0,0,False,0,0
262431,"",0,0,0,0,False,0,0
262432,"",0,0,0,0,False,0,0
262433,"",0,0,0,0,False,0,0
262434,"",0,0,0,0,True,0,0
262435,"",0,0,0,0,True,0,0
262436,"",0,0,0,0,True,0,0
262437,"",0,0,0,0,True,0,0
262438,"",0,0,0,0,True,0,0
262439,"",0,0,0,0,True,0,0
262440,"",0,0,0,0,True,0,0
262441,"",0,0,0,0,True,0,0
262442,"",0,0,0,0,True,0,0
262443,"再次购买50级防具（战斗精英）",0,0,0,0,True,0,0
262444,"再次购买50级防具（魔法导师）",0,0,0,0,True,0,0
262445,"再次购买50级武器、工具",0,0,0,0,True,0,0
262446,"再次购买任务报酬1",0,0,0,0,True,0,0
262449,"再次购买成就报酬1",0,0,0,0,True,0,0
262450,"再次购买成就报酬2",0,0,0,0,True,0,0
262451,"",0,0,0,0,False,0,0
262452,"",0,0,0,0,False,0,0
262453,"",0,0,0,0,False,0,0
262454,"",0,0,0,0,False,0,0
262455,"",0,0,0,0,False,0,0
262456,"",0,0,0,0,False,0,0
262457,"",0,0,0,0,False,0,0
262458,"",0,0,0,0,False,0,0
262459,"购买道具（武具投影相关）",0,66958,0,0,True,0,0
262460,"购买道具",0,0,0,0,True,10,0
262461,"购买道具（木材、金属、石材、骨材、皮革）",60412,0,0,0,True,0,0
262462,"购买道具（布料、炼金原料）",60412,0,0,0,True,0,0
262463,"购买道具（苗圃、染料）",60412,0,0,0,True,0,0
262464,"",0,0,0,0,True,0,0
262466,"",0,0,0,0,False,0,0
262468,"购买道具（男性）",0,0,0,0,True,11,0
262469,"购买道具（女性）",0,0,0,0,True,11,0
262470,"购买道具",0,0,0,0,True,11,0
262471,"购买道具（触媒）",60412,0,0,0,True,0,0
262472,"购买道具（食材）",60412,0,0,0,True,0,0
262473,"",0,0,0,0,False,0,0
262474,"",0,0,0,0,False,0,0
262475,"",0,0,0,0,False,0,0
262476,"",0,0,0,0,False,0,0
262477,"",0,0,0,0,False,0,0
262478,"",0,0,0,0,False,0,0
262479,"",0,0,0,0,False,0,0
262480,"",0,0,0,0,False,0,0
262481,"",0,0,0,0,False,0,0
262482,"",0,0,0,0,False,0,0
262483,"",0,0,0,0,False,0,0
262484,"",0,0,0,0,False,0,0
262485,"",0,0,0,0,True,7,0
262486,"",0,0,0,0,True,0,0
262488,"购买其他防具",0,0,0,0,True,0,0
262489,"购买道具",0,0,0,0,True,16,0
262491,"购买竞赛陆行鸟",0,0,0,592240,True,0,0
262492,"购买道具",0,0,0,0,True,0,0
262493,"购买道具",0,0,0,0,True,19,0
262494,"购买道具",0,0,0,0,True,0,0
262495,"购买道具",0,0,0,592222,True,20,0
262496,"购买道具",0,0,0,0,True,0,0
262497,"复制王者之剑·本我",0,291,0,0,True,0,0
262498,"复制诸神黄昏斧·本我",0,294,0,0,True,0,0
262499,"复制凯撒裂爪·本我",0,293,0,0,True,0,0
262500,"复制圣枪朗基努斯·本我",0,295,0,0,True,0,0
262501,"复制佐助之刀·本我",0,297,0,0,True,0,0
262502,"复制与一之弓·本我",0,296,0,0,True,0,0
262503,"复制莉莉丝魔杖·本我",0,299,0,0,True,0,0
262504,"复制启示录·本我",0,300,0,0,True,0,0
262505,"复制涅槃杖·本我",0,298,0,0,True,0,0
262506,"复制最终宝典·本我",0,301,0,0,True,0,0
262507,"复制圣盾埃癸斯·本我",0,292,0,0,True,0,0
262508,"",0,0,0,0,False,0,0
262509,"购买道具",0,0,0,0,True,0,0
262510,"",0,0,0,0,False,0,0
262511,"",0,0,0,0,False,0,0
262512,"",0,0,0,0,False,0,0
262513,"购买道具",0,0,0,0,True,0,0
262514,"",0,0,0,0,False,0,0
262515,"购买道具",0,0,0,0,True,0,0
262516,"购买道具",0,0,0,0,True,0,0
262517,"购买武器",0,0,0,0,True,0,0
262518,"购买武器",0,0,0,0,True,0,0
262519,"购买工具",0,0,0,0,True,0,0
262520,"购买武器",0,0,0,0,True,0,0
262521,"购买战斗精英防具",0,0,0,0,True,0,0
262522,"购买魔法导师防具",0,0,0,0,True,0,0
262523,"购买工具",0,0,0,0,True,0,0
262524,"购买武器",0,0,0,0,True,0,0
262525,"购买战斗精英防具",0,0,0,0,True,0,0
262526,"购买魔法导师防具",0,0,0,0,True,0,0
262527,"购买工具",0,0,0,0,True,0,0
262528,"购买武器",0,0,0,0,True,0,0
262529,"购买战斗精英防具",0,0,0,0,True,0,0
262530,"购买魔法导师防具",0,0,0,0,True,0,0
262531,"购买工具",0,0,0,0,True,0,0
262532,"购买武器",0,0,0,0,True,0,0
262533,"购买战斗精英防具",0,0,0,0,True,0,0
262534,"购买魔法导师防具",0,0,0,0,True,0,0
262536,"购买工具",0,0,0,0,True,0,0
262537,"购买武器",0,0,0,0,True,0,0
262538,"购买战斗精英防具",0,0,0,0,True,0,0
262539,"购买魔法导师防具",0,0,0,0,True,0,0
262540,"购买工具",0,0,0,0,True,0,0
262541,"购买武器",0,0,0,0,True,0,0
262542,"购买战斗精英防具",0,0,0,0,True,0,0
262543,"购买魔法导师防具",0,0,0,0,True,0,0
262544,"购买能工巧匠及大地使者防具",0,0,0,0,True,0,0
262545,"购买工具",0,0,0,0,True,0,0
262546,"购买武器",0,0,0,0,True,0,0
262547,"购买战斗精英防具",0,0,0,0,True,0,0
262548,"购买魔法导师防具",0,0,0,0,True,0,0
262549,"购买能工巧匠及大地使者防具",0,0,0,0,True,0,0
262550,"购买工具",0,0,0,0,True,0,0
262551,"购买武器",0,0,0,0,True,0,0
262552,"购买战斗精英防具",0,0,0,0,True,0,0
262553,"购买魔法导师防具",0,0,0,0,True,0,0
262554,"购买工具",0,0,0,0,True,0,0
262555,"购买武器",0,0,0,0,True,0,0
262556,"购买战斗精英防具",0,0,0,0,True,0,0
262557,"购买魔法导师防具",0,0,0,0,True,0,0
262558,"购买道具",0,0,0,0,True,23,0
262559,"购买道具",0,0,0,0,True,22,0
262560,"",0,0,0,0,False,0,0
262561,"",0,0,0,0,False,0,0
262562,"",0,0,0,0,False,0,0
262564,"购买工具",0,0,0,0,True,0,0
262565,"购买武器",0,0,0,0,True,0,0
262566,"购买战斗精英防具",0,0,0,0,True,0,0
262567,"购买魔法导师防具",0,0,0,0,True,0,0
262569,"购买武器",0,0,0,0,True,0,0
262570,"购买工具",0,0,0,0,True,0,0
262571,"购买武器",0,0,0,0,True,0,0
262572,"购买战斗精英防具",0,0,0,0,True,0,0
262573,"购买魔法导师防具",0,0,0,0,True,0,0
262574,"购买宠物（消耗金币）",0,0,0,0,True,0,0
262575,"",0,0,0,0,True,28,0
262576,"",0,0,0,0,False,0,0
262577,"",0,0,0,0,False,0,0
262578,"",0,0,0,0,False,0,0
262579,"",0,0,0,0,False,0,0
262580,"",0,0,0,0,False,0,0
262581,"",0,0,0,0,False,0,0
262582,"",0,0,0,0,False,0,0
262584,"购买道具",0,0,0,0,True,27,0
262585,"购买道具",0,0,0,0,True,31,0
262586,"购买道具",0,0,0,0,True,32,0
262587,"购买道具",0,0,0,0,True,33,0
262588,"购买道具",60412,0,0,0,True,0,0
262603,"",0,0,0,0,False,0,0
262604,"",0,0,0,0,False,0,0
262605,"",0,0,0,0,False,0,0
262606,"",0,0,0,0,False,0,0
262607,"",0,0,0,0,False,0,0
262608,"",0,0,0,0,False,0,0
262609,"购买水壶",0,0,593139,592260,True,0,0
262610,"复制元灵武器·觉醒",0,0,0,0,True,0,0
262611,"复制新元灵武器",0,0,0,0,True,0,0
262612,"购买道具（消耗金币）",0,0,0,593234,True,0,0
262613,"",0,0,0,0,False,0,0
262614,"",0,0,0,0,False,0,0
262615,"",0,0,0,0,False,0,0
262616,"",0,0,0,0,False,0,0
262617,"",0,0,0,0,False,0,0
262618,"",0,0,0,0,False,0,0
262619,"",0,0,0,0,False,0,0
262620,"",0,0,0,0,False,0,0
262621,"购买工具",0,0,0,0,True,0,0
262622,"购买能工巧匠及大地使者防具",0,0,0,0,True,0,0
262623,"",0,0,0,0,False,0,0
262624,"",0,0,0,0,False,0,0
262625,"复制元灵武器·超导",0,0,0,593415,True,0,0
262626,"再次购买季节活动报酬（红莲节1）",0,0,0,0,True,0,0
262627,"再次购买季节活动报酬（红莲节2）",0,0,0,0,True,0,0
262628,"再次购买季节活动报酬（守护天节）",0,0,0,0,True,0,0
262629,"再次购买季节活动报酬（星芒节）",0,0,0,0,True,0,0
262630,"再次购买季节活动报酬（降神节）",0,0,0,0,True,0,0
262631,"再次购买季节活动报酬（恋人节）",0,0,0,0,True,0,0
262632,"再次购买季节活动报酬（女儿节）",0,0,0,0,True,0,0
262633,"再次购买季节活动报酬（彩蛋狩猎）",0,0,0,0,True,0,0
262634,"再次购买季节活动报酬（其他）",0,0,0,0,True,0,0
262635,"购买道具",0,0,0,0,True,0,0
262636,"购买道具",0,0,0,0,True,38,0
262637,"购买道具",0,0,0,0,True,0,0
262638,"购买道具1",0,0,0,0,True,0,0
262639,"购买道具",0,0,0,0,True,0,0
262640,"购买战斗饰品",0,0,0,0,True,0,0
262641,"购买道具",0,0,0,0,True,37,0
262642,"购买道具",0,0,0,0,True,0,0
262643,"购买道具",0,0,0,0,True,0,0
262644,"购买道具",0,0,0,0,True,0,0
262645,"复制百炼成钢的元灵武器",0,0,0,593415,True,0,0
262646,"购买季节活动报酬",0,0,0,0,True,43,0
262647,"购买季节活动报酬",0,0,0,0,True,44,0
262648,"购买道具（消耗金币）",0,0,0,0,True,46,0
262649,"",0,0,0,0,False,0,0
262650,"",0,0,0,0,False,0,0
262651,"",0,0,0,0,False,0,0
262652,"复制元灵武器·灵慧",0,67932,0,0,True,0,0
262653,"复制真元灵武器",0,67940,0,0,True,0,0
262654,"购买道具（室内建材）",0,0,0,0,True,0,0
262655,"购买道具（床椅）",0,0,0,0,True,0,0
262656,"购买道具（桌台、菜肴）",0,0,0,0,True,0,0
262657,"购买道具（柜子、地毯、灯具）",0,0,0,0,True,0,0
262658,"购买道具（其他）",0,0,0,0,True,0,0
262659,"购买绘画作品（拉诺西亚）",0,0,0,0,True,0,0
262660,"购买绘画作品（黑衣森林）",0,0,0,0,True,0,0
262661,"购买绘画作品（萨纳兰）",0,0,0,0,True,0,0
262662,"购买绘画作品（库尔札斯、摩杜纳）",0,0,0,0,True,0,0
262663,"",0,0,0,0,True,45,0
262664,"",0,0,0,0,True,47,0
262665,"购买季节活动报酬",0,0,0,0,True,50,0
262666,"购买季节活动报酬",0,0,0,0,True,51,0
262667,"购买季节活动报酬",0,0,0,0,True,52,0
262668,"",0,0,0,0,True,0,0
262669,"",0,0,0,0,True,0,0
262670,"",0,0,0,0,True,0,0
262671,"购买拉拉菲尔服装",0,0,0,0,True,0,0
262672,"购买鲁加服装",0,0,0,0,True,0,0
262673,"购买精灵服装",0,0,0,0,True,0,0
262674,"购买人族服装",0,0,0,0,True,0,0
262675,"购买猫魅服装",0,0,0,0,True,0,0
262676,"购买敖龙服装",0,0,0,0,True,0,0
262677,"再次购买骑士装备",0,0,0,0,True,0,0
262678,"再次购买战士装备",0,0,0,0,True,0,0
262679,"再次购买暗黑骑士装备",0,0,0,0,True,0,0
262680,"再次购买武僧装备",0,0,0,0,True,0,0
262681,"再次购买龙骑士装备",0,0,0,0,True,0,0
262682,"再次购买忍者装备",0,0,0,0,True,0,0
262683,"再次购买吟游诗人装备",0,0,0,0,True,0,0
262684,"再次购买机工士装备",0,0,0,0,True,0,0
262685,"再次购买黑魔法师装备",0,0,0,0,True,0,0
262686,"再次购买召唤师装备",0,0,0,0,True,0,0
262687,"再次购买白魔法师装备",0,0,0,0,True,0,0
262688,"再次购买学者装备",0,0,0,0,True,0,0
262689,"再次购买占星术士装备",0,0,0,0,True,0,0
262690,"购买道具（庭具、乐谱）",0,0,0,0,True,0,0
262691,"购买道具",0,0,0,0,True,0,0
262692,"购买道具",0,66754,0,0,True,0,0
262693,"购买道具",0,66789,0,0,True,0,0
262694,"购买道具",0,66857,0,0,True,0,0
262695,"购买道具",0,66911,0,0,True,0,0
262696,"购买道具",0,67023,0,0,True,0,0
262697,"购买道具",0,67701,0,0,True,0,0
262698,"购买道具",0,67791,0,0,True,0,0
262699,"购买道具",0,67856,0,0,True,0,0
262700,"购买防具（1～9级）",0,0,0,0,True,0,0
262701,"购买防具（10～19级）",0,0,0,0,True,0,0
262702,"购买防具（20～29级）",0,0,0,0,True,0,0
262703,"购买防具（30～39级）",0,0,0,0,True,0,0
262704,"购买防具（40～49级）",0,0,0,0,True,0,0
262705,"购买防具（1～9级）",0,0,0,0,True,0,0
262706,"购买防具（10～19级）",0,0,0,0,True,0,0
262707,"购买防具（20～29级）",0,0,0,0,True,0,0
262708,"购买防具（30～39级）",0,0,0,0,True,0,0
262709,"购买防具（40～49级）",0,0,0,0,True,0,0
262710,"购买防具（1～9级）",0,0,0,0,True,0,0
262711,"购买防具（10～19级）",0,0,0,0,True,0,0
262712,"购买防具（20～29级）",0,0,0,0,True,0,0
262713,"购买防具（30～39级）",0,0,0,0,True,0,0
262714,"购买防具（40～49级）",0,0,0,0,True,0,0
262715,"购买武器（1～9级）",0,0,0,0,True,0,0
262716,"购买武器（10～19级）",0,0,0,0,True,0,0
262717,"购买武器（20～29级）",0,0,0,0,True,0,0
262718,"购买武器（30～39级）",0,0,0,0,True,0,0
262719,"购买武器（40～49级）",0,0,0,0,True,0,0
262720,"购买武器（1～9级）",0,0,0,0,True,0,0
262721,"购买武器（10～19级）",0,0,0,0,True,0,0
262722,"购买武器（20～29级）",0,0,0,0,True,0,0
262723,"购买武器（30～39级）",0,0,0,0,True,0,0
262724,"购买武器（40～49级）",0,0,0,0,True,0,0
262725,"购买工具（1～9级）",0,0,0,0,True,0,0
262726,"购买工具（10～19级）",0,0,0,0,True,0,0
262727,"购买工具（20～29级）",0,0,0,0,True,0,0
262728,"购买工具（30～39级）",0,0,0,0,True,0,0
262729,"购买工具（40～49级）",0,0,0,0,True,0,0
262730,"购买工具（1～9级）",0,0,0,0,True,0,0
262731,"购买工具（10～19级）",0,0,0,0,True,0,0
262732,"购买工具（20～29级）",0,0,0,0,True,0,0
262733,"购买工具（30～39级）",0,0,0,0,True,0,0
262734,"购买工具（40～49级）",0,0,0,0,True,0,0
262735,"购买战斗饰品",0,0,0,0,True,0,0
262736,"购买能工巧匠及大地使者饰品",0,0,0,0,True,0,0
262737,"购买防具（50级）",0,0,0,0,True,0,0
262738,"购买防具（52级）",0,0,0,0,True,0,0
262739,"购买防具（54级）",0,0,0,0,True,0,0
262740,"购买防具（56级）",0,0,0,0,True,0,0
262741,"购买防具（58级）",0,0,0,0,True,0,0
262743,"购买防具（50级）",0,0,0,0,True,0,0
262744,"购买防具（52级）",0,0,0,0,True,0,0
262745,"购买防具（54级）",0,0,0,0,True,0,0
262746,"购买防具（56级）",0,0,0,0,True,0,0
262747,"购买防具（58级）",0,0,0,0,True,0,0
262749,"购买防具（50～60级）",0,0,0,0,True,0,0
262750,"购买武器（50级）",0,0,0,0,True,0,0
262751,"购买武器（52级）",0,0,0,0,True,0,0
262752,"购买武器（54级）",0,0,0,0,True,0,0
262753,"购买武器（56级）",0,0,0,0,True,0,0
262754,"购买武器（58级）",0,0,0,0,True,0,0
262756,"购买武器（50级）",0,0,0,0,True,0,0
262757,"购买武器（52级）",0,0,0,0,True,0,0
262758,"购买武器（54级）",0,0,0,0,True,0,0
262759,"购买武器（56级）",0,0,0,0,True,0,0
262760,"购买武器（58级）",0,0,0,0,True,0,0
262762,"购买工具（50～60级）",0,0,0,0,True,0,0
262763,"购买工具（50～60级）",0,0,0,0,True,0,0
262764,"购买战斗饰品",0,0,0,0,True,0,0
262765,"购买能工巧匠及大地使者饰品",0,0,0,0,True,0,0
262766,"购买道具",0,0,0,0,True,0,0
262767,"购买道具",0,0,0,0,True,0,0
262768,"购买道具",0,0,0,0,True,0,0
262769,"购买道具",0,0,0,0,True,0,0
262770,"购买道具",0,0,0,0,True,0,0
262771,"购买道具",0,0,0,0,True,0,0
262772,"购买道具",0,0,0,0,True,0,0
262773,"购买道具",0,0,0,0,True,0,0
262774,"购买道具",0,0,0,0,True,0,0
262775,"购买道具",0,0,0,0,True,0,0
262776,"购买道具",0,0,0,0,True,0,0
262777,"购买道具",0,0,0,0,True,0,0
262778,"购买道具",0,0,0,0,True,0,0
262779,"购买道具",0,0,0,0,True,0,0
262780,"购买道具",0,0,0,0,True,0,0
262781,"购买道具",0,0,0,0,True,0,0
262782,"购买道具",0,0,0,0,True,0,0
262783,"购买道具",0,0,0,0,True,0,0
262784,"购买道具",0,0,0,0,True,0,0
262785,"购买道具",0,0,0,0,True,0,0
262786,"购买道具",0,0,0,0,True,0,0
262787,"购买道具",0,0,0,0,True,0,0
262788,"购买道具",0,0,0,0,True,0,0
262789,"购买道具",0,0,0,0,True,0,0
262790,"购买道具",0,0,0,0,True,0,0
262791,"购买道具",0,0,0,0,True,0,0
262792,"购买道具",0,0,0,0,True,0,0
262793,"购买道具",0,0,0,0,True,0,0
262794,"购买道具",0,0,0,0,True,0,0
262795,"购买道具",0,0,0,0,True,0,0
262796,"购买道具",0,0,0,0,True,0,0
262797,"购买道具",0,0,0,0,True,0,0
262798,"购买道具",0,0,0,0,True,0,0
262799,"购买道具",0,0,0,0,True,0,0
262800,"购买道具",0,0,0,0,True,0,0
262801,"购买道具",0,0,0,0,True,0,0
262802,"购买道具",0,0,0,0,True,0,0
262803,"购买道具",0,0,0,0,True,0,0
262804,"购买道具",0,0,0,0,True,0,0
262805,"购买道具",0,0,0,0,True,0,0
262806,"购买道具",0,0,0,0,True,0,0
262807,"购买道具",0,0,0,0,True,0,0
262808,"购买道具",0,0,0,0,True,0,0
262809,"购买道具",0,0,0,0,True,0,0
262810,"购买道具",0,0,0,0,True,0,0
262811,"购买道具",0,0,0,0,True,0,0
262813,"购买道具",0,0,0,0,True,0,0
262814,"购买道具",0,0,0,0,True,0,0
262817,"购买道具",0,0,0,0,True,0,0
262818,"购买道具",0,0,0,0,True,0,0
262819,"购买道具",0,0,0,0,True,0,0
262820,"购买防具（60级）",0,0,0,0,True,0,0
262821,"购买战斗精英防具",0,0,0,0,True,0,0
262822,"购买战斗精英防具",0,0,0,0,True,0,0
262823,"购买战斗精英防具",0,0,0,0,True,0,0
262824,"购买战斗精英防具",0,0,0,0,True,0,0
262825,"购买战斗精英防具",0,0,0,0,True,0,0
262826,"",0,0,0,0,False,0,0
262827,"购买防具（60级）",0,0,0,0,True,0,0
262828,"购买魔法导师防具",0,0,0,0,True,0,0
262829,"购买魔法导师防具",0,0,0,0,True,0,0
262830,"购买魔法导师防具",0,0,0,0,True,0,0
262831,"购买魔法导师防具",0,0,0,0,True,0,0
262832,"购买魔法导师防具",0,0,0,0,True,0,0
262833,"",0,0,0,0,False,0,0
262834,"购买能工巧匠防具",0,0,0,0,True,0,0
262835,"购买武器（60级）",0,0,0,0,True,0,0
262836,"购买武器",0,0,0,0,True,0,0
262837,"购买武器",0,0,0,0,True,0,0
262838,"购买武器",0,0,0,0,True,0,0
262839,"购买武器",0,0,0,0,True,0,0
262840,"购买武器",0,0,0,0,True,0,0
262841,"",0,0,0,0,False,0,0
262842,"购买武器（60级）",0,0,0,0,True,0,0
262843,"购买大地使者防具",0,0,0,0,True,0,0
262844,"购买能工巧匠工具（主工具）",0,0,0,0,True,0,0
262845,"购买能工巧匠工具（副工具）",0,0,0,0,True,0,0
262846,"购买大地使者工具",0,0,0,0,True,0,0
262847,"购买战斗饰品",0,0,0,0,True,0,0
262848,"购买战斗饰品",0,0,0,0,True,0,0
262849,"购买战斗饰品",0,0,0,0,True,0,0
262850,"购买战斗饰品",0,0,0,0,True,0,0
262851,"购买战斗饰品",0,0,0,0,True,0,0
262852,"购买工具",0,0,0,0,True,0,0
262853,"购买工具",0,0,0,0,True,0,0
262854,"购买工具",0,0,0,0,True,0,0
262855,"购买工具",0,0,0,0,True,0,0
262856,"购买能工巧匠及大地使者防具",0,0,0,0,True,0,0
262857,"购买能工巧匠及大地使者防具",0,0,0,0,True,0,0
262858,"购买能工巧匠及大地使者防具",0,0,0,0,True,0,0
262859,"购买能工巧匠及大地使者防具",0,0,0,0,True,0,0
262860,"购买能工巧匠及大地使者防具",0,0,0,0,True,0,0
262861,"购买道具",0,0,0,0,True,0,0
262862,"购买道具",0,0,0,0,True,0,0
262863,"购买道具",0,0,0,0,True,0,0
262864,"购买道具",0,0,0,0,True,0,0
262865,"购买道具",0,0,0,0,True,0,0
262866,"购买道具",0,0,0,0,True,0,0
262867,"购买道具",0,0,0,0,True,0,0
262868,"购买道具",0,0,0,0,True,0,0
262869,"购买道具",0,0,0,0,True,0,0
262870,"购买道具",0,0,0,0,True,0,0
262871,"购买道具",0,0,0,0,True,0,0
262872,"购买道具",0,0,0,0,True,0,0
262873,"购买道具",0,0,0,0,True,0,0
262874,"购买道具",0,0,0,0,True,0,0
262875,"购买道具",0,0,0,0,True,0,0
262876,"购买道具",0,0,0,0,True,0,0
262877,"购买道具",0,0,0,0,True,0,0
262878,"购买道具",0,0,0,0,True,0,0
262879,"购买道具",0,0,0,0,True,0,0
262880,"购买道具",0,0,0,0,True,0,0
262881,"购买道具",0,0,0,0,True,0,0
262882,"购买道具",0,0,0,0,True,0,0
262883,"购买道具",0,0,0,0,True,0,0
262884,"购买道具",0,0,0,0,True,0,0
262885,"购买道具",0,0,0,0,True,0,0
262886,"购买道具",0,0,0,0,True,0,0
262887,"购买道具",0,0,0,0,True,0,0
262888,"购买道具",0,0,0,0,True,0,0
262889,"购买道具",0,0,0,0,True,0,0
262890,"购买道具",0,0,0,0,True,0,0
262891,"购买道具",0,0,0,0,True,0,0
262892,"购买绘画作品（基拉巴尼亚）",0,68456,0,0,True,0,0
262893,"购买绘画作品（奥萨德）",0,68456,0,0,True,0,0
262894,"购买季节活动报酬",0,0,0,0,True,53,0
262895,"购买季节活动报酬",0,0,0,0,True,54,0
262896,"再次购买70级武器",0,0,0,0,True,0,0
262897,"再次购买70级防具（战斗精英1）",0,0,0,0,True,0,0
262898,"再次购买70级防具（战斗精英2）",0,0,0,0,True,0,0
262899,"再次购买70级防具（魔法导师）",0,0,0,0,True,0,0
262900,"复制真元灵武器·灵光",0,67940,0,0,True,0,0
262901,"购买道具（武具投影相关）",0,68554,0,0,True,0,0
262902,"购买道具",0,0,0,0,True,0,0
262903,"",0,0,0,0,True,61,0
262904,"",0,0,0,0,True,62,0
262905,"",0,0,0,0,True,63,0
262906,"购买绘画作品（龙堡）",0,67643,0,0,True,0,0
262907,"购买绘画作品（阿巴拉提亚）",0,67643,0,0,True,0,0
262908,"购买道具",0,0,0,0,True,0,0
262909,"",0,0,0,0,True,66,0
262910,"时尚商店",0,0,594792,594791,True,0,0
262911,"购买60级工具",0,68633,0,0,True,0,0
262912,"购买63级工具",0,68633,0,0,True,0,0
262913,"购买65级工具",0,68633,0,0,True,0,0
262914,"购买60级防具",0,68633,0,0,True,0,0
262915,"购买63级防具",0,68633,0,0,True,0,0
262916,"购买65级防具",0,68633,0,0,True,0,0
262917,"购买道具",0,68633,0,0,True,0,0
262918,"复制禁地兵装（战斗精英）",0,0,0,0,True,0,0
262919,"",0,0,0,0,True,0,0
262920,"再次购买任务报酬1",60412,0,0,0,True,0,0
262921,"",0,0,0,0,True,71,0
262922,"复制禁地兵装（魔法导师）",0,0,0,0,True,0,0
262923,"",0,0,0,0,True,0,0
262924,"",0,0,0,0,True,13,0
262925,"",0,0,0,0,False,0,0
262926,"再次购买青魔法师装备",0,68728,0,0,True,0,0
262927,"",0,0,0,0,True,0,0
262928,"购买道具",0,0,0,0,True,0,0
262929,"购买道具2",0,0,0,0,True,0,0
262930,"购买道具",0,68741,0,0,True,82,0
262931,"",0,0,0,595156,True,83,0
262932,"",0,0,0,595164,True,85,0
262933,"购买武器（62级）",0,0,0,0,True,0,0
262934,"购买武器（64级）",0,0,0,0,True,0,0
262935,"购买武器（66级）",0,0,0,0,True,0,0
262936,"购买武器（68级）",0,0,0,0,True,0,0
262937,"购买武器（70级）",0,0,0,0,True,0,0
262938,"购买防具（62级）",0,0,0,0,True,0,0
262939,"购买防具（64级）",0,0,0,0,True,0,0
262940,"购买防具（66级）",0,0,0,0,True,0,0
262941,"购买防具（68级）",0,0,0,0,True,0,0
262942,"购买防具（70级）",0,0,0,0,True,0,0
262943,"购买防具（62级）",0,0,0,0,True,0,0
262944,"购买防具（64级）",0,0,0,0,True,0,0
262945,"购买防具（66级）",0,0,0,0,True,0,0
262946,"购买防具（68级）",0,0,0,0,True,0,0
262947,"购买防具（70级）",0,0,0,0,True,0,0
262948,"购买战斗饰品",0,0,0,0,True,0,0
262949,"购买道具",0,0,0,0,True,0,0
262950,"购买能工巧匠及大地使者饰品",0,0,0,0,True,0,0
262951,"再次购买60级防具",0,0,0,0,True,0,0
262952,"购买道具（隔离墙、墙面装饰）",0,0,0,0,True,0,0
262953,"购买战斗精英防具",0,0,0,0,True,0,0
262954,"购买战斗精英防具",0,0,0,0,True,0,0
262955,"购买战斗精英防具",0,0,0,0,True,0,0
262956,"购买战斗精英防具",0,0,0,0,True,0,0
262957,"购买战斗精英防具",0,0,0,0,True,0,0
262958,"购买魔法导师防具",0,0,0,0,True,0,0
262959,"购买魔法导师防具",0,0,0,0,True,0,0
262960,"购买魔法导师防具",0,0,0,0,True,0,0
262961,"购买魔法导师防具",0,0,0,0,True,0,0
262962,"购买魔法导师防具",0,0,0,0,True,0,0
262963,"购买武器",0,0,0,0,True,0,0
262964,"购买武器",0,0,0,0,True,0,0
262965,"购买武器",0,0,0,0,True,0,0
262966,"购买武器",0,0,0,0,True,0,0
262967,"购买武器",0,0,0,0,True,0,0
262968,"购买战斗饰品",0,0,0,0,True,0,0
262969,"购买战斗饰品",0,0,0,0,True,0,0
262970,"购买战斗饰品",0,0,0,0,True,0,0
262971,"购买战斗饰品",0,0,0,0,True,0,0
262972,"购买战斗饰品",0,0,0,0,True,0,0
262973,"购买工具",0,0,0,0,True,0,0
262974,"购买工具",0,0,0,0,True,0,0
262975,"购买工具",0,0,0,0,True,0,0
262976,"购买能工巧匠工具（主工具）",0,0,0,0,True,0,0
262977,"购买能工巧匠工具（副工具）",0,0,0,0,True,0,0
262978,"购买大地使者工具",0,0,0,0,True,0,0
262979,"购买能工巧匠及大地使者防具",0,0,0,0,True,0,0
262980,"购买能工巧匠及大地使者防具",0,0,0,0,True,0,0
262981,"购买能工巧匠及大地使者防具",0,0,0,0,True,0,0
262982,"购买能工巧匠及大地使者防具",0,0,0,0,True,0,0
262983,"购买能工巧匠防具",0,0,0,0,True,0,0
262984,"购买大地使者防具",0,0,0,0,True,0,0
262985,"购买道具",0,0,0,0,True,0,0
262986,"购买道具",0,0,0,0,True,0,0
262987,"购买道具",0,0,0,0,True,0,0
262988,"购买道具",0,0,0,0,True,0,0
262989,"购买道具",0,0,0,0,True,0,0
262990,"购买道具",0,0,0,0,True,0,0
262991,"购买道具",0,0,0,0,True,0,0
262992,"购买道具",0,0,0,0,True,0,0
262993,"购买道具",0,0,0,0,True,0,0
262994,"购买道具",0,0,0,0,True,0,0
262995,"购买道具",0,0,0,0,True,0,0
262996,"购买道具",0,0,0,0,True,0,0
262997,"购买道具",0,0,0,0,True,0,0
262998,"购买道具",0,0,0,0,True,0,0
262999,"购买道具",0,0,0,0,True,0,0
263000,"购买道具",0,0,0,0,True,0,0
263001,"购买道具",0,0,0,0,True,0,0
263002,"购买道具",0,0,0,0,True,0,0
263003,"购买道具",0,0,0,0,True,0,0
263004,"购买道具",0,0,0,0,True,0,0
263005,"购买道具",0,0,0,0,True,0,0
263006,"购买道具",0,0,0,0,True,0,0
263007,"购买维埃拉服装",0,0,0,0,True,0,0
263008,"购买硌狮服装",0,0,0,0,True,0,0
263009,"シーズナルイベント報酬の購入",0,0,0,0,True,89,0
263010,"购买道具",0,0,0,0,True,0,0
263011,"购买道具",0,0,0,0,True,0,0
263012,"购买道具",0,0,0,0,True,0,0
263013,"购买绘画作品（第一世界）",0,69140,0,0,True,0,0
263014,"购买道具",0,0,0,0,True,0,0
263015,"购买道具",0,0,0,0,True,0,0
263016,"购买道具",0,0,0,0,True,0,0
263017,"购买工具",0,69330,0,0,True,0,0
263018,"购买防具",0,69330,0,0,True,0,0
263019,"购买道具",0,69330,0,0,True,0,0
263020,"",0,0,0,0,True,103,0
263021,"购买道具",0,0,0,0,True,0,0
263022,"购买天钢工具",0,69384,0,0,True,0,0
263023,"购买道具",0,0,0,0,True,0,0
263024,"复制天钢工具",0,0,0,0,True,0,0
263025,"购买道具",0,0,0,0,True,0,0
263026,"购买工具",0,69432,0,0,True,0,0
263027,"购买防具",0,69432,0,0,True,0,0
263028,"购买道具",0,69432,0,0,True,0,0
263029,"购买古董",0,0,0,0,True,0,0
263030,"购买道具",0,0,0,597023,True,107,0
263031,"复制义军武器（战斗精英1）",0,0,0,0,True,0,0
263032,"复制义军武器（战斗精英2）",0,0,0,0,True,0,0
263033,"购买道具（通用素材）",0,67116,0,0,True,0,0
263034,"购买道具（通用素材）",0,0,0,0,True,0,0
263035,"购买道具（通用素材）",0,0,0,0,True,0,0
263036,"",0,0,0,597316,True,0,0
263037,"",0,0,0,0,True,108,0
263038,"",0,0,0,0,True,113,0
263039,"",0,0,0,0,True,113,0
263040,"复制义军武器（魔法导师）",0,0,0,0,True,0,0
263041,"",0,0,0,0,True,117,0
263042,"购买道具",0,0,0,0,True,0,0
263043,"购买珍稀物品",0,0,0,0,True,0,0
263044,"购买珍稀物品",0,0,0,0,True,0,0
263045,"再次购买成就报酬3",0,0,0,0,True,0,0
263046,"",0,0,0,0,True,0,0
263047,"",0,0,0,0,True,0,0
263048,"",0,0,0,0,True,0,0
263049,"",0,0,0,0,True,123,0
263050,"",0,0,0,0,True,122,0
263051,"",0,0,0,0,True,121,0
263052,"购买武器",0,0,0,0,True,0,0
263053,"购买武器",0,0,0,0,True,0,0
263054,"购买武器",0,0,0,0,True,0,0
263055,"购买武器",0,0,0,0,True,0,0
263056,"购买武器",0,0,0,0,True,0,0
263057,"购买战斗精英防具",0,0,0,0,True,0,0
263058,"购买战斗精英防具",0,0,0,0,True,0,0
263059,"购买战斗精英防具",0,0,0,0,True,0,0
263060,"购买战斗精英防具",0,0,0,0,True,0,0
263061,"购买战斗精英防具",0,0,0,0,True,0,0
263062,"购买魔法导师防具",0,0,0,0,True,0,0
263063,"购买魔法导师防具",0,0,0,0,True,0,0
263064,"购买魔法导师防具",0,0,0,0,True,0,0
263065,"购买魔法导师防具",0,0,0,0,True,0,0
263066,"购买魔法导师防具",0,0,0,0,True,0,0
263067,"购买战斗饰品",0,0,0,0,True,0,0
263068,"购买战斗饰品",0,0,0,0,True,0,0
263069,"购买战斗饰品",0,0,0,0,True,0,0
263070,"购买战斗饰品",0,0,0,0,True,0,0
263071,"购买战斗饰品",0,0,0,0,True,0,0
263072,"购买工具",0,0,0,0,True,0,0
263073,"购买工具",0,0,0,0,True,0,0
263074,"购买工具",0,0,0,0,True,0,0
263075,"购买能工巧匠工具（主工具）",0,0,0,0,True,0,0
263076,"购买能工巧匠工具（副工具）",0,0,0,0,True,0,0
263077,"购买大地使者工具",0,0,0,0,True,0,0
263078,"购买能工巧匠及大地使者防具",0,0,0,0,True,0,0
263079,"购买能工巧匠及大地使者防具",0,0,0,0,True,0,0
263080,"购买能工巧匠及大地使者防具",0,0,0,0,True,0,0
263081,"购买能工巧匠防具",0,0,0,0,True,0,0
263082,"购买大地使者防具",0,0,0,0,True,0,0
263083,"购买武器（70级）",0,0,0,0,True,0,0
263084,"购买武器（72级）",0,0,0,0,True,0,0
263085,"购买武器（74级）",0,0,0,0,True,0,0
263086,"购买武器（76级）",0,0,0,0,True,0,0
263087,"购买武器（78级）",0,0,0,0,True,0,0
263088,"购买武器（80级）",0,0,0,0,True,0,0
263089,"购买防具（70级）",0,0,0,0,True,0,0
263090,"购买防具（72级）",0,0,0,0,True,0,0
263091,"购买防具（74级）",0,0,0,0,True,0,0
263092,"购买防具（76级）",0,0,0,0,True,0,0
263093,"购买防具（78级）",0,0,0,0,True,0,0
263094,"购买防具（80级）",0,0,0,0,True,0,0
263095,"购买防具（70级）",0,0,0,0,True,0,0
263096,"购买防具（72级）",0,0,0,0,True,0,0
263097,"购买防具（74级）",0,0,0,0,True,0,0
263098,"购买防具（76级）",0,0,0,0,True,0,0
263099,"购买防具（78级）",0,0,0,0,True,0,0
263100,"购买防具（80级）",0,0,0,0,True,0,0
263101,"购买战斗饰品",0,0,0,0,True,0,0
263102,"购买能工巧匠及大地使者饰品",0,0,0,0,True,0,0
263103,"购买道具",0,0,0,0,True,0,0
263104,"购买道具",0,0,0,0,True,0,0
263105,"购买道具",0,0,0,0,True,0,0
263106,"购买道具",0,0,0,0,True,0,0
263107,"购买道具",0,0,0,0,True,0,0
263108,"购买道具",0,0,0,0,True,0,0
263109,"购买道具",0,0,0,0,True,0,0
263110,"购买道具",0,0,0,0,True,0,0
263111,"购买道具",0,0,0,0,True,0,0
263112,"购买道具",0,0,0,0,True,0,0
263113,"购买道具",0,0,0,0,True,0,0
263114,"购买道具",0,0,0,0,True,0,0
263115,"购买道具",0,0,0,0,True,0,0
263116,"购买道具",0,0,0,0,True,0,0
263117,"购买道具",0,0,0,0,True,0,0
263118,"购买道具",0,0,0,0,True,0,0
263119,"购买道具",0,0,0,0,True,0,0
263120,"购买道具",0,0,0,0,True,0,0
263121,"购买道具",0,0,0,0,True,0,0
263122,"购买道具",0,0,0,0,True,0,0
263123,"购买道具（栽培用品）",0,0,0,0,True,0,0
263124,"アイテムの購入",0,0,0,0,True,127,0
263125,"アイテムの購入",0,0,0,0,True,126,0
263126,"购买道具",0,70081,0,0,True,0,0
263127,"アイテムの購入",0,0,0,0,True,129,0
263128,"アイテムの購入",0,0,0,0,True,130,0
263129,"アイテムの購入",0,0,0,0,True,131,0
263130,"购买绘画作品（北洋地域）",0,69710,0,0,True,0,0
263131,"购买绘画作品（伊尔萨巴德）",0,69710,0,0,True,0,0
263132,"购买绘画作品（古代世界）",0,69710,0,0,True,0,0
263133,"购买绘画作品（星外天域）",0,69710,0,0,True,0,0
263134,"再次购买任务报酬2",0,0,0,0,True,0,0
263135,"再次购买武士装备",0,0,0,0,True,0,0
263136,"再次购买赤魔法师装备",0,0,0,0,True,0,0
263137,"再次购买绝枪战士装备",0,0,0,0,True,0,0
263138,"再次购买舞者装备",0,0,0,0,True,0,0
263139,"再次购买钐镰客装备",0,0,0,0,True,0,0
263140,"再次购买贤者装备",0,0,0,0,True,0,0
263141,"购买道具",0,0,0,0,True,0,0
263142,"购买工具",0,0,0,0,True,0,0
263143,"购买防具",0,0,0,0,True,0,0
263144,"购买道具",0,0,0,0,True,0,0
263145,"购买道具",0,0,0,0,True,132,0
263146,"购买道具",0,0,0,0,True,133,0
263147,"购买道具",0,0,0,0,True,135,0
263148,"",0,0,0,0,False,0,0
263149,"购买道具",0,70186,0,0,True,0,0
263150,"アイテムの購入",0,0,0,0,True,0,0
263151,"复制曼德维尔武器（战斗精英1）",0,70261,0,0,True,0,0
263152,"",0,0,0,0,True,138,0
263153,"",0,0,0,0,True,134,1
263154,"",0,0,0,0,True,134,2
263155,"",0,0,0,0,True,134,3
263156,"",0,0,0,0,True,140,0
263157,"购买工具",0,0,0,0,True,0,0
263158,"购买防具",0,0,0,0,True,0,0
263159,"购买道具",0,0,0,0,True,0,0
263160,"复制莫雯卓越工具",0,70303,0,0,True,0,0
263161,"",0,0,0,0,True,142,0
263162,"",0,0,0,0,True,143,0
263163,"",0,0,0,0,True,141,0
263164,"购买道具",0,0,599264,0,True,0,0
263165,"",0,0,0,0,True,145,0
263166,"",0,0,0,0,True,144,0
263167,"购买道具",0,0,0,0,True,0,0
263168,"",0,0,0,0,True,145,0
263169,"复制曼德维尔武器（战斗精英2）",0,70261,0,0,True,0,0
263170,"购买道具（魔法景观）",0,0,0,0,True,0,0
263171,"复制曼德维尔武器（魔法导师）",0,70261,0,0,True,0,0
263172,"购买武器",0,0,0,0,True,0,0
263173,"购买武器",0,0,0,0,True,0,0
263174,"购买武器",0,0,0,0,True,0,0
263175,"购买武器",0,0,0,0,True,0,0
263176,"购买武器",0,0,0,0,True,0,0
263177,"购买战斗精英防具",0,0,0,0,True,0,0
263178,"购买战斗精英防具",0,0,0,0,True,0,0
263179,"购买战斗精英防具",0,0,0,0,True,0,0
263180,"购买战斗精英防具",0,0,0,0,True,0,0
263181,"购买战斗精英防具",0,0,0,0,True,0,0
263182,"购买魔法导师防具",0,0,0,0,True,0,0
263183,"购买魔法导师防具",0,0,0,0,True,0,0
263184,"购买魔法导师防具",0,0,0,0,True,0,0
263185,"购买魔法导师防具",0,0,0,0,True,0,0
263186,"购买魔法导师防具",0,0,0,0,True,0,0
263187,"购买战斗饰品",0,0,0,0,True,0,0
263188,"购买战斗饰品",0,0,0,0,True,0,0
263189,"购买战斗饰品",0,0,0,0,True,0,0
263190,"购买战斗饰品",0,0,0,0,True,0,0
263191,"购买战斗饰品",0,0,0,0,True,0,0
263192,"购买工具",0,0,0,0,True,0,0
263193,"购买工具",0,0,0,0,True,0,0
263194,"购买工具",0,0,0,0,True,0,0
263195,"购买能工巧匠工具（主工具）",0,0,0,0,True,0,0
263196,"购买能工巧匠工具（副工具）",0,0,0,0,True,0,0
263197,"购买大地使者工具",0,0,0,0,True,0,0
263198,"购买能工巧匠及大地使者防具",0,0,0,0,True,0,0
263199,"购买能工巧匠及大地使者防具",0,0,0,0,True,0,0
263200,"购买能工巧匠及大地使者防具",0,0,0,0,True,0,0
263201,"购买能工巧匠防具",0,0,0,0,True,0,0
263202,"购买大地使者防具",0,0,0,0,True,0,0
263203,"购买道具",0,0,0,0,True,0,0
263204,"购买道具",0,0,0,0,True,0,0
263205,"购买道具",0,0,0,0,True,0,0
263206,"购买道具",0,0,0,0,True,0,0
263207,"购买道具",0,0,0,0,True,0,0
263208,"购买道具",0,0,0,0,True,0,0
263209,"购买道具",0,0,0,0,True,0,0
263210,"购买道具",0,0,0,0,True,0,0
263211,"购买道具",0,0,0,0,True,0,0
263212,"购买道具",0,0,0,0,True,0,0
263213,"再次购买80级武器防具",0,0,0,0,True,0,0
263214,"",0,0,0,0,True,150,0
263215,"",0,0,0,0,True,151,0
263216,"",0,0,0,0,True,149,1
263217,"",0,0,0,0,True,149,2
263218,"",0,0,0,0,True,149,3
263219,"",0,0,0,0,True,152,0
263220,"",0,0,0,0,True,0,0
263221,"购买道具",0,0,0,0,True,0,0
263222,"购买道具",0,0,0,0,True,0,0
263223,"购买绘画作品（尤卡图拉尔）",0,70542,0,0,True,0,0
263224,"购买绘画作品（萨卡图拉尔）",0,70543,0,0,True,0,0
263225,"购买绘画作品（无失世界）",0,70543,0,0,True,0,0
263226,"购买道具",0,0,0,0,True,153,0
263227,"",0,0,0,0,True,154,0
263228,"",0,0,0,0,True,155,0
263229,"",0,0,0,0,True,156,0
263230,"",0,0,0,0,False,0,0
263231,"",0,0,0,0,False,0,0
263232,"",0,0,0,0,False,0,0
263233,"购买道具（柱子·摆件）",0,0,0,0,True,0,0
263234,"",0,0,0,0,True,159,0
263235,"",0,0,0,0,False,0,0
263236,"",0,0,0,0,False,0,0
263237,"购买道具",0,0,0,0,True,0,0
263238,"购买道具",0,0,0,0,True,0,0
263239,"购买道具",0,0,0,0,True,0,0
263240,"",0,0,0,0,False,0,0
263241,"",0,0,0,0,False,0,0
263242,"",0,0,0,0,False,0,0
263243,"",0,0,0,0,False,0,0
263244,"",0,0,0,0,False,0,0
263245,"购买工具",0,0,0,0,True,0,0
263246,"购买防具",0,0,0,0,True,0,0
263247,"",0,0,0,0,False,0,0
263248,"购买工具（刻木匠、锻铁匠、铸甲匠）",0,0,0,0,True,0,0
263249,"购买工具（刻木匠、锻铁匠、铸甲匠）",0,0,0,0,True,0,0
263250,"购买工具（刻木匠、锻铁匠、铸甲匠）",0,0,0,0,True,0,0
263251,"购买工具（刻木匠、锻铁匠、铸甲匠）",0,0,0,0,True,0,0
263252,"购买工具（刻木匠、锻铁匠、铸甲匠）",0,0,0,0,True,0,0
263253,"购买工具（雕金匠、制革匠、裁衣匠）",0,0,0,0,True,0,0
263254,"购买工具（雕金匠、制革匠、裁衣匠）",0,0,0,0,True,0,0
263255,"购买工具（雕金匠、制革匠、裁衣匠）",0,0,0,0,True,0,0
263256,"购买工具（雕金匠、制革匠、裁衣匠）",0,0,0,0,True,0,0
263257,"购买工具（雕金匠、制革匠、裁衣匠）",0,0,0,0,True,0,0
263258,"购买工具（采矿工、园艺工、捕鱼人）",0,0,0,0,True,0,0
263259,"购买工具（采矿工、园艺工、捕鱼人）",0,0,0,0,True,0,0
263260,"购买工具（采矿工、园艺工、捕鱼人）",0,0,0,0,True,0,0
263261,"购买工具（采矿工、园艺工、捕鱼人）",0,0,0,0,True,0,0
263262,"购买工具（采矿工、园艺工、捕鱼人）",0,0,0,0,True,0,0
263263,"购买能工巧匠防具",0,0,0,0,True,0,0
263264,"购买能工巧匠防具",0,0,0,0,True,0,0
263265,"购买能工巧匠防具",0,0,0,0,True,0,0
263266,"购买能工巧匠防具",0,0,0,0,True,0,0
263267,"购买能工巧匠防具",0,0,0,0,True,0,0
263268,"购买大地使者防具",0,0,0,0,True,0,0
263269,"购买大地使者防具",0,0,0,0,True,0,0
263270,"购买大地使者防具",0,0,0,0,True,0,0
263271,"购买大地使者防具",0,0,0,0,True,0,0
263272,"购买大地使者防具",0,0,0,0,True,0,0
263273,"购买饰品",0,0,0,0,True,0,0
263274,"购买饰品",0,0,0,0,True,0,0
263275,"购买饰品",0,0,0,0,True,0,0
263276,"购买饰品",0,0,0,0,True,0,0
263277,"购买饰品",0,0,0,0,True,0,0
263278,"购买工具（炼金术士、烹调师）",0,0,0,0,True,0,0
263279,"购买工具（炼金术士、烹调师）",0,0,0,0,True,0,0
263280,"购买工具（炼金术士、烹调师）",0,0,0,0,True,0,0
263281,"购买工具（炼金术士、烹调师）",0,0,0,0,True,0,0
263282,"购买工具（炼金术士、烹调师）",0,0,0,0,True,0,0
